0,0,0.0
1,0.0,0.375
2,0.0,0.25
3,0.25,0.0
4,0.75,0.5
5,0.0,0.375
6,0.0,0.75
7,0.0,1.5
8,0.0,0.0
9,0.0,0.375
10,0.0,0.0
11,0.25,0.5
12,0.125,0.375
13,0,0
14,0.0,0.0
15,0.125,0.25
16,0.0,0.25
17,0.25,0.75
18,0.5,0.25
19,0.25,0.0
20,0.5,0.0
21,0.0,0.0
22,0.25,0.125
23,0.0,0.375
24,0.0,0.0
25,0.125,0.625
26,0.0,0.375
27,0.0,0.0
28,0.0,0.0
29,0.25,0.5
30,0.0,0.0
31,0.0,0.375
32,0.0,0.125
33,0.625,0.0
34,0.0,0.25
35,0.0,0.125
36,0.0,0.125
37,0.0,0.125
38,0.0,0.0
39,0.0,0.375
40,0.0,0.125
41,0.625,0.25
42,0.625,0.0
43,0.0,0.75
44,0.0,0.25
45,0.25,0.0
46,0.0,0.125
47,1.25,0.0
48,0.0,0.0
49,0.0,0.0
50,0.0,0.75
51,0.0,0.125
52,0.625,0.875
53,0.25,0.25
54,0,0.125
55,0.0,0.0
56,0.75,0.0
57,0.375,0.0
58,0.375,0.125
59,0.25,0.0
60,0.5,0.125
61,0.0,0.0
62,0.0,0.375
63,0.0,0.0
64,0.0,0.125
65,0.25,0.0
66,0.0,0.25
67,0,0.0
68,0.125,1.0
69,0.0,0.25
70,0.0,0.375
71,0.0,0.0
72,0,0.75
73,0.75,0.125
74,0.0,0.375
75,0.0,0.0
76,0.625,0.25
77,0.625,0.25
78,0.5,0.125
79,0.25,0.375
80,0.5,0.125
81,0.0,0.0
82,0.0,0.0
83,0.0,0.625
84,0.0,0.0
85,0.0,0.125
86,0.0,0.375
87,0,0
88,0.0,1.125
89,0.625,0.125
90,0.0,0.375
91,0.875,0.75
92,0.5,0.0
93,0.0,0.0
94,0.0,0.375
95,0.0,0.375
96,0.0,0.375
97,0.125,0.0
98,0.375,0.0
99,0.0,0.0
100,0.0,0.0
101,0.0,0.375
102,0.5,0.125
103,0.75,0.0
104,0.0,0.0
105,0.0,0.0
106,0.0,0.0
107,0.0,0.0
108,0.125,0
109,0.0,0.0
110,0.0,0.0
111,0.375,0.0
112,0.875,0.0
113,0.0,0.25
114,0,0.25
115,0.0,0.0
116,0.0,1.125
117,0.0,0.0
118,0.0,0.125
119,0.0,0.0
120,0.375,1.5
121,0.125,0.0
122,0.0,0.375
123,0.0,0.25
124,0.0,0.125
125,0.375,0.375
126,0.444,0.0
127,0.125,0.0
128,0.0,0.25
129,0.25,0.125
130,0.375,0.125
131,0.0,0.5
132,0.0,0.125
133,0.0,0.0
134,0.0,0.0
135,0.0,0.0
136,0.25,1.0
137,0.0,0.25
138,0.0,0.125
139,0.25,0.0
140,0.375,0.0
141,0.125,0.25
142,0.0,0
143,0.0,0.25
144,0.0,0
145,0.0,1.125
146,0.125,0.375
147,0.0,0.0
148,0.0,0.5
149,0.125,0.5
150,0.0,0.125
151,0.0,0.25
152,0.625,0.0
153,0.0,0.375
154,0.0,0.375
155,0,0.5
156,0.625,0.0
157,0.0,0.75
158,0.0,0.375
159,0.0,0.375
160,0.125,0.25
161,0.25,0.0
162,0.375,0.375
163,0.5,0.25
164,0.0,0.0
165,0.0,0.375
166,0.0,0.0
167,0.25,0.0
168,0,0.875
169,0.0,0.375
170,0.0,0.0
171,0.0,0.375
172,0.0,0.0
173,0.625,0.125
174,0.0,0.0
175,0.0,0.5
176,0.25,0.0
177,0.0,0.25
178,0.0,0.125
179,0.125,1.0
180,0.0,0.0
181,0.0,0.125
182,0.75,0.0
183,0,0.75
184,0.0,1.25
185,0.125,0.0
186,0.0,0.625
187,0.0,0.5
188,0.0,0.125
189,0.625,0.125
190,0.25,0.0
191,0.25,0.0
192,0.0,0.0
193,0.0,0.375
194,0.0,0.5
195,0.0,0.0
196,0.0,0.75
197,0.0,0.375
198,0.0,0.0
199,0.0,0.375
200,0.125,0.25
201,0.0,0.75
202,0.0,0.25
203,0.125,0.0
204,0.625,0.0
205,0.0,0.0
206,0.0,0.0
207,0.0,0
208,0.0,0.125
209,0.125,0.0
210,0,0.0
211,0.375,0.0
212,0.0,0.0
213,0.25,0.125
214,0.0,0.0
215,0.0,0.5
216,0.0,1.125
217,0.25,0.375
218,0.0,0.375
219,0.0,0.75
220,0,0.75
221,0,0.0
222,0.0,0.0
223,0.0,0.375
224,0.0,0
225,0.5,1.0
226,0.125,0.375
227,0.75,0.875
228,0.25,0.0
229,0.0,0.25
230,0.0,0.375
231,0.0,0.125
232,0.0,0.0
233,2.0,0.5
234,0.125,0.5
235,0.0,1.125
236,0.0,0.5
237,0.0,0.0
238,0.125,0.875
239,0.75,0.625
240,0.75,0.625
241,0.5,0.0
242,0.625,0.0
243,2.125,0.25
244,0.0,4.5
245,0.5,0.625
246,0.0,0.25
247,0.0,0.75
248,0.0,0.0
249,0.0,0.375
250,0,0.0
251,0.125,0.875
252,0.0,0.375
253,1.625,0.375
254,0.0,0.0
255,0.0,0.125
256,0.0,0.125
257,0.0,0.125
258,0.0,0.0
259,0.0,0.75
260,0.625,0.0
261,0.375,0.875
262,0.0,0.0
263,0.625,0.0
264,0.0,0.125
265,0.125,1.125
266,0,0.125
267,0.0,0.375
268,0.875,0.125
269,0.0,0.0
270,0.0,0.375
271,0.625,0.0
272,0.0,0.75
273,0.0,0.0
274,0.0,0.0
275,0.375,0.0
276,0.0,0.0
277,1.125,0.25
278,0.375,0.625
279,0.0,0.0
280,0.0,0.0
281,0.375,0.375
282,0,0.75
283,0.0,0.0
284,0.0,0.0
285,0.0,0.125
286,0.0,0.0
287,0,0.25
288,1.25,0.0
289,0.5,0.125
290,0.0,0.375
291,0.125,0.375
292,0.375,0.0
293,0.375,0.375
294,0.0,0.0
295,0.5,0.25
296,0.0,0.375
297,0.0,0.375
298,0.125,0.0
299,0.5,0.25
300,0.0,0.0
301,0,0.0
302,0.0,0.0
303,0.125,0.125
304,0.125,0.0
305,0.0,0.0
306,0.0,0.375
307,0.0,0
308,0.0,0.375
309,0.0,0.0
310,0.5,0.25
311,0.25,0.0
312,0.0,0.0
313,0.0,0.0
314,0.0,0
315,0.0,0.375
316,0.25,0.0
317,0.5,0.25
318,0.0,0.375
319,0.0,0.0
320,0.0,0.0
321,0.0,0.0
322,0.0,0.0
323,0.0,0.0
324,0.0,0.0
325,0.0,0.0
326,0.0,0.0
327,0.0,0.0
328,0.0,0.0
329,0.0,0.0
330,0.0,0.0
331,0.0,0.0
332,0.0,0.0
333,0.0,0.0
334,0.0,0.0
335,0.0,0.0
336,0.0,0.0
337,0.0,0.0
338,0.0,0.0
339,0.0,0.0
340,0.0,0.0
341,0.0,0.0
342,0.0,0.0
343,0.0,0.0
344,0.0,0.0
345,0.0,0.0
346,0.0,0.0
347,0.0,0.0
348,0.0,0.0
349,0.0,0.0
350,0.0,0.0
351,0.0,0.0
352,0.0,0.0
353,0.0,0.0
354,0.0,0.0
355,0.0,0.0
356,0.0,0.0
357,0.0,0.0
358,1.0,0.0
359,0.0,0.375
360,0.0,0.0
361,0.0,0.125
362,0.0,0.0
363,0.0,0.75
364,0.0,0.0
365,0.125,0.0
366,0.0,0.375
367,0.0,0.0
368,0.125,0.0
369,0.0,1.0
370,0.0,0.125
371,0,0
372,0.5,0.625
373,0,0.556
374,0.375,0.5
375,0.0,0.375
376,0.0,0.0
377,0.25,0.0
378,0.75,0.5
379,0.375,0.0
380,0.0,0.25
381,0.625,0.75
382,0.0,0.0
383,0.125,0.0
384,0.0,0.0
385,0.0,0.0
386,0.0,0.25
387,0.0,0.0
388,0.0,0
389,0.0,0.25
390,0.0,0.125
391,0.0,0.0
392,0.75,0.0
393,0,0
394,0,0
395,0.0,0
396,0.0,0.375
397,0.0,0.125
398,0.0,0.5
399,0.25,0.125
400,0.875,0.125
401,0.0,0.375
402,0.0,1.5
403,0.0,0.125
404,0.25,0.875
405,0.0,0.0
406,0.625,0.375
407,0.5,0.25
408,0.0,1.125
409,0.0,0.375
410,0.25,0.5
411,0.0,0.375
412,0.0,0.0
413,0.0,0.375
414,0.0,0.875
415,0.0,0.25
416,0.0,0.0
417,0,0
418,0.125,0.0
419,0.25,1.75
420,0.0,0.375
421,0.0,0.375
422,0.0,0.375
423,0,0.125
424,0.0,0.0
425,0.0,0.75
426,0.0,0.0
427,0.25,0.0
428,0.0,0
429,0.0,0.5
430,0.0,0.375
431,0.0,0.0
432,0.0,0
433,0.125,0.5
434,0.0,0.375
435,0.0,1.0
436,0.375,1.125
437,0.0,0.0
438,0,0
439,0.0,0.125
440,0.0,0.375
441,0.0,0.5
442,0.0,0.375
443,0,0.75
444,0.25,0.0
445,0.125,0.75
446,0.0,0.0
447,0.0,0.25
448,0.0,0.375
449,0.0,0.125
450,0.0,0.0
451,0.0,0.375
452,0.25,0.0
453,0.0,0.375
454,0.0,0.375
455,0.25,0.125
456,0.0,1.125
457,0.0,0.125
458,0.0,0.125
459,0.25,0.25
460,0.5,0.0
461,0.0,0.125
462,0.0,0.0
463,0.0,0.25
464,0.75,0.0
465,2.0,0.375
466,0.0,0
467,0.0,0.625
468,0.25,0.625
469,0.0,0.25
470,0.0,0.25
471,0.0,0.875
472,0.125,0.0
473,0.5,0.25
474,0.0,0.375
475,0.0,0.0
476,0.0,0.375
477,0.0,0.0
478,0.375,0.25
479,0.0,0.75
480,0.0,0.125
481,0,0
482,0.0,0.375
483,0.875,0.5
484,0.375,0.25
485,0.0,0.25
486,0.0,0.0
487,0.25,0.125
488,0.875,0.0
489,0.0,0.0
490,0.375,0.0
491,0,0.0
492,0.0,0.375
493,0.0,0.0
494,0.0,0.375
495,0.25,0.125
496,0.25,0.25
497,0.25,0.125
498,0.0,0.0
499,0.0,0.375
500,0.0,0.75
501,0.0,0.75
502,0.25,0.125
503,0.0,0.375
504,0.25,0.0
505,0.0,0.25
506,0.0,0
507,0.0,0.375
508,0.125,0.625
509,0.0,0.0
510,0.0,0.0
511,0.75,0.5
512,0,0
513,0.0,0.0
514,0.0,0.0
515,0.0,0.375
516,0.25,0.0
517,0.0,0.0
518,0.0,0.375
519,0.0,0.0
520,0.0,0.25
521,0.0,0.375
522,0.0,1.25
523,0.0,0.375
524,0.25,0.25
525,0.0,0.375
526,0.0,0.375
527,0.0,0.375
528,0.0,0.375
529,0.0,0.375
530,0.0,0.375
531,0.0,0.375
532,0.0,0.375
533,0.0,0.375
534,0.25,0.125
535,0.0,0.0
536,0.0,0.125
537,0.0,0.375
538,2.0,0.375
539,0.0,0.125
540,0,0
541,0.0,0.375
542,0.0,0.375
543,0.0,0.375
544,0.0,0.375
545,0.0,0.375
546,0.0,0.375
547,0.0,0.375
548,0.0,0.375
549,0.0,0.375
550,0.0,0.375
551,0.0,0.375
552,0.0,0.375
553,0.0,0.375
554,1.0,0.75
555,0.0,0.375
556,0.0,0.375
557,0.0,0.375
558,0.0,0.375
559,0.0,0.375
560,0.0,0.375
561,0.0,0.375
562,0.125,0.0
563,0.0,0.375
564,0.0,0.375
565,0.0,0.375
566,0.0,0.375
567,0.0,0.375
568,0.0,0.375
569,0.0,0.375
570,0.0,0.375
571,0.0,0.375
572,0.0,0.375
573,0.0,0.375
574,0.0,0.375
575,0.0,0.375
576,0.0,0.375
577,0.0,0.375
578,0.0,0.0
579,0.0,0.0
580,0.0,0.375
581,0.0,0.0
582,0.0,0.375
583,0.0,0.375
584,0.5,0.0
585,0.0,0.375
586,0.0,0.0
587,0.0,0.375
588,0.0,0.375
589,0.0,0.375
590,0.0,0.375
591,0.0,0.0
592,0.0,0.0
593,0.0,0.375
594,0.0,0.375
595,0.0,0.375
596,0,0.125
597,0.0,0.375
598,0.0,0.375
599,0.0,0.375
600,0.0,0.375
601,0.0,0.375
602,0.0,0.375
603,0.0,0.375
604,0.0,0.25
605,0.0,0.375
606,0.0,0.375
607,0.0,0.0
608,0.625,0.0
609,0.875,0.0
610,0.0,0.375
611,0.0,0.375
612,0.0,0.375
613,0.0,0.375
614,0.25,0.25
615,0.0,0.0
616,0.0,0.375
617,0.0,0.375
618,0.0,0.375
619,0.0,0.375
620,0.0,0.0
621,0.0,0.25
622,0.0,0.375
623,0,0.75
624,0.0,0.375
625,0,0
626,0.75,0.25
627,0.0,0.375
628,0.0,0.25
629,0.0,0.375
630,0.0,0.375
631,0.0,0.375
632,0,0
633,0.0,0.375
634,0.0,0.375
635,0.0,0.375
636,0.0,0.375
637,0.0,0.375
638,0.0,0.375
639,0.0,0.375
640,0.0,0.0
641,0.0,0.375
642,0.0,0.375
643,0.0,0.375
644,0.0,0.375
645,0.0,0.375
646,0.0,0.375
647,0.0,0.375
648,0.0,0.375
649,0.0,0.375
650,0.25,0.25
651,0.0,0.375
652,0.0,0.0
653,0.0,0.375
654,0.0,0.375
655,0.0,0.375
656,0.0,0.375
657,0.0,0.375
658,0.0,0.0
659,0.0,0.0
660,0.0,0.375
661,0.0,0.375
662,0.0,0.375
663,0.0,0.375
664,0.0,0
665,0.0,0
666,0.0,0.375
667,0.0,0.375
668,0.0,0.375
669,0.0,0.375
670,0.0,0.375
671,0.0,0.375
672,0.0,0.75
673,0.0,0.375
674,0.0,0.0
675,0.0,0.0
676,0.125,0.0
677,0.0,0.375
678,0.0,0.0
679,0.0,0.375
680,0.0,0.375
681,0.0,0.375
682,0.0,0.375
683,0.0,0.625
684,0.0,0.375
685,0.0,0.375
686,0.0,0.375
687,0.0,0.375
688,0.0,0.375
689,0.0,0.375
690,0.0,0.375
691,0.875,0.125
692,0.0,0.375
693,0.0,0.0
694,0.375,1.0
695,0.0,0.375
696,0.0,0.125
697,0.0,0.0
698,0.0,0.375
699,0.0,0.375
700,0.0,0.375
701,0.0,0.0
702,0.0,0.0
703,0.0,0.0
704,0.0,0.375
705,0.125,1.375
706,0.0,0.375
707,0,0.75
708,0.375,0.375
709,0.0,0.375
710,0.0,0.375
711,0.0,0.375
712,0.0,0.375
713,0.5,0.125
714,0.5,0.25
715,0.0,0.375
716,0.0,0.375
717,0.625,0.0
718,0.0,0.375
719,0.0,0.375
720,0.125,1.375
721,0.0,0.375
722,0.0,0.0
723,0.0,0.375
724,0.25,0.125
725,0.0,0.375
726,0.0,0.0
727,0.375,1.0
728,0.0,0.375
729,0.0,0.375
730,0.0,0.375
731,1.0,0.375
732,0.0,0.375
733,0.125,1.0
734,0.0,0.0
735,0.125,0.0
736,0.0,0.75
737,0.0,0.25
738,0.0,0.0
739,0.0,0.375
740,0.0,0.375
741,0.125,0.0
742,0.0,0
743,0.0,0.375
744,0.0,0.0
745,0.0,0.375
746,0,0.0
747,0.25,0.25
748,0.0,0.375
749,0.0,0.0
750,0.0,0.375
751,0.0,0.0
752,0.0,0.375
753,0.0,0.375
754,0.0,0.25
755,0.0,0.375
756,0.0,0.125
757,0.0,0.375
758,0.0,0.125
759,0.625,0.125
760,0.0,0.375
761,0.0,0.0
762,0.25,0.25
763,0.75,0.0
764,0,0.75
765,0.0,0.125
766,0.25,0.375
767,0.75,0.0
768,0.0,0.375
769,0.0,0.625
770,0.0,0.125
771,0.0,0.375
772,1.0,0.0
773,0.125,0.5
774,0.0,0.375
775,0.0,0.0
776,0.0,0.375
777,0.0,0.25
778,0.0,0.375
779,0.0,0.75
780,0.0,0.25
781,0,0.125
782,0.625,0.25
783,0.0,0.0
784,0.625,0.0
785,0.25,0.125
786,0.0,0.375
787,0,0.75
788,0.0,0.375
789,0.125,0.125
790,0.625,0.875
791,0.0,0.375
792,1.75,0.0
793,0.0,0.375
794,0.0,0.375
795,0.0,0.125
796,0.25,0.25
797,0.0,0.375
798,0.0,0.125
799,0.0,0.0
800,1.25,0.0
801,0.0,0.375
802,0.0,0
803,0.0,0
804,0.5,0.0
805,0.0,0.375
806,0.875,1.5
807,0.0,0.375
808,0.0,0.25
809,0.0,0.375
810,0.0,0.375
811,0.0,0.375
812,0.0,0.375
813,0.75,0.25
814,0.125,0.25
815,0,0.25
816,0.0,0.375
817,0.0,0.0
818,0.0,0.375
819,0.0,0.375
820,0.0,0.0
821,0.0,0.375
822,0.625,0.0
823,0.0,0.0
824,0.875,0.125
825,0.0,0.125
826,0.125,0.0
827,0,0.75
828,0.875,0.375
829,0.0,0.375
830,0,0
831,0.125,0.0
832,0,0.75
833,0.0,0.0
834,0.125,0.5
835,0.0,0.375
836,0.0,0.375
837,0.0,0.0
838,0.0,0.375
839,0.0,0.75
840,0.0,0.0
841,0.0,0.375
842,0.5,0.25
843,0.0,0.375
844,1.125,0.25
845,0.125,0.375
846,0.0,0.375
847,0.0,0.375
848,0,0.625
849,0,0.0
850,0.0,0.375
851,0.5,0.25
852,0,0.75
853,0.625,0.0
854,0.25,0.5
855,0.0,0.375
856,0.625,0.125
857,0.0,0.375
858,0.375,0.25
859,0.125,0.375
860,0,0.25
861,0.0,0.375
862,0.0,0.375
863,0.875,0.375
864,0.0,0.0
865,0,0.75
866,0,0.25
867,0.5,0.75
868,0.0,0.375
869,0.0,0.375
870,0.0,0.0
871,0.0,0.25
872,0.0,0.375
873,0.0,0.375
874,0.0,0.0
875,0.0,0.375
876,0.0,0.375
877,0.0,0.375
878,0.0,0.375
879,0.75,0.375
880,0.125,0.0
881,1.25,0.25
882,0.0,0.375
883,0.375,0.25
884,0.0,0.375
885,0.0,0.375
886,0.0,0.25
887,0.0,0.375
888,0.0,0.375
889,0.0,0.125
890,0.0,0.0
891,0.0,0.25
892,0.0,0.625
893,0.0,0.375
894,0.0,0.375
895,0.0,0.375
896,0.625,0.0
897,0.0,0.375
898,0.0,0.25
899,0.0,0.375
900,0.0,0.25
901,0.0,0.125
902,0.0,0.375
903,0.0,0.375
904,0.0,0.0
905,0.0,0.375
906,0.5,0.0
907,0.0,0.75
908,0.0,0.0
909,0.0,0.375
910,1.0,0.375
911,0.0,0.375
912,0.0,0.75
913,0.0,0.375
914,0.0,0.0
915,0.0,0.375
916,0.0,0.375
917,0.0,0.375
918,0.0,0.375
919,0.0,0.375
920,0.875,0.0
921,0.0,0.375
922,0.0,0.375
923,0.75,1.0
924,0.5,0.375
925,0.0,0.875
926,0.0,0.375
927,0.0,0.375
928,0.0,0.625
929,0.5,0.25
930,0.0,0.125
931,0.0,0.375
932,0.0,0.375
933,0.375,0.375
934,0.0,0.0
935,0.5,0.0
936,1.75,0.0
937,0.375,0.125
938,0,0.0
939,0.75,0.25
940,0.0,0.0
941,1.0,0.0
942,0,0
943,0.0,0.875
944,0.0,0.125
945,0.625,0.0
946,0.25,0.875
947,0.0,0.375
948,0.25,0.625
949,0.0,0.375
950,0.75,0.0
951,0.0,0.375
952,0.0,0.0
953,0.5,0.0
954,0.0,0.375
955,0.125,0.0
956,0.25,0.25
957,0.0,0.375
958,0.0,0.375
959,0.125,1.0
960,0.875,0.0
961,0.0,0.375
962,0.625,0.0
963,0.625,0.0
964,0.0,0
965,0.0,0.125
966,0.0,0.375
967,0.0,0.375
968,0.25,0.625
969,0.0,0.375
970,0.0,0.0
971,0.125,0.0
972,0.0,1.0
973,0.0,0.25
974,0,0.0
975,0.125,0.125
976,0.125,0.375
977,0.0,0.375
978,0.25,0.25
979,0.0,0.5
980,1.25,0.0
981,0.125,1.0
982,0.125,0.0
983,0.0,0
984,0.0,0.0
985,0.125,0.625
986,0.0,0.375
987,0.0,0.375
988,0.0,0
989,0.0,0.0
990,0.0,0.375
991,0.0,0.0
992,0.0,0.0
993,0.0,0.0
994,0.0,0.375
995,0.0,0.125
996,0.0,0.375
997,0.0,0.875
998,0.0,0
999,0.0,0.75
1000,0.0,0.125
1001,0.75,0.25
1002,0.0,0.375
1003,0.0,0.375
1004,0.0,0.25
1005,0.0,0.375
1006,0.5,0.75
1007,0.0,0.75
1008,0.0,0.125
1009,0.0,0.0
1010,0.0,0.375
1011,0.0,0.0
1012,0.0,0.0
1013,0,0.0
1014,0.0,0.25
1015,0.0,0.375
1016,0.0,0.375
1017,0.0,0.375
1018,0.25,0.5
1019,0.0,0.125
1020,0.0,0.375
1021,0.5,1.75
1022,0.0,0.375
1023,0.0,0.0
1024,0.625,0.875
1025,0.25,0.5
1026,0.0,0.375
1027,0.0,0.0
1028,0,0.625
1029,0.125,0.375
1030,0.0,0.0
1031,0.0,0.25
1032,0.0,0.0
1033,0.875,0.125
1034,0.25,0.0
1035,0.0,0.0
1036,0.0,0.375
1037,0.0,0.375
1038,0.125,0.0
1039,0.0,0.0
1040,0.0,0.375
1041,0.0,0.0
1042,0.0,0.125
1043,0.0,0.75
1044,0.0,0.375
1045,0.0,0.125
1046,0.0,0.375
1047,0.0,0.375
1048,0.0,0.75
1049,0.0,0.375
1050,0.0,0.375
1051,0,0.0
1052,0.375,0.25
1053,0.0,0.375
1054,0.0,0.375
1055,0.25,0.5
1056,0.0,0.0
1057,0.0,0.0
1058,0.0,0.375
1059,0,0
1060,0.625,1.375
1061,0.0,0.0
1062,0.0,0.375
1063,0.125,0.25
1064,0.0,0.0
1065,0.0,0.25
1066,0.625,0.0
1067,0.0,0.375
1068,0.0,0.0
1069,0.125,1.375
1070,0.75,0.0
1071,0.0,1.0
1072,0.0,0.0
1073,0.125,0.0
1074,0.0,0.125
1075,0.0,0.75
1076,0,0.75
1077,0.5,0.0
1078,0.0,0.375
1079,0.25,0.25
1080,0.0,0.375
1081,0.0,0.375
1082,0.0,0.375
1083,0.25,0.25
1084,0.0,0.375
1085,0.0,0.375
1086,0.0,0.375
1087,0.0,0.375
1088,0.625,0.5
1089,0.0,0.125
1090,0.0,0.375
1091,0.125,0.0
1092,0.0,0.0
1093,0.0,0.0
1094,0.25,0.25
1095,0.0,0.0
1096,0.0,0.0
1097,1.5,0.0
1098,0.0,0.0
1099,0.25,0.125
1100,0.375,0.375
1101,0.125,0.0
1102,0.0,0.0
1103,0.125,0.0
1104,0.25,0.625
1105,1.0,0.125
1106,0.0,1.0
1107,0.25,0.0
1108,0.125,1.125
1109,0.5,0.625
1110,0.0,0.0
1111,0.0,0.375
1112,0.25,0.25
1113,0.0,0.125
1114,0.125,1.0
1115,0.0,0.375
1116,0.125,1.125
1117,0.0,1.0
1118,0,0.125
1119,0.25,0.0
1120,0.0,0.375
1121,0.0,0.375
1122,0.125,0.0
1123,0.0,0.625
1124,0.0,0.25
1125,0.125,0.375
1126,0.125,0.375
1127,0.125,0.5
1128,0.25,0.25
1129,0.0,0.375
1130,0.75,0.5
1131,0.0,0.0
1132,0.25,0.25
1133,0.0,0.375
1134,0.0,0.375
1135,0.0,0.0
1136,0.0,0.375
1137,0.125,0.25
1138,0.0,0.0
1139,0.25,0.0
1140,0.0,0.125
1141,0.125,0.5
1142,0.0,0.375
1143,0.0,0.125
1144,0.75,0.25
1145,0.125,0.375
1146,0.0,0.375
1147,0.125,1.0
1148,0.0,1.0
1149,0,0.75
1150,0.0,0.125
1151,0.0,0.375
1152,0.25,0.375
1153,0.25,0.25
1154,0.125,0.25
1155,0,0
1156,0.0,0.0
1157,0.0,0.0
1158,0.0,0.0
1159,0.0,0.375
1160,0.0,0.875
1161,0.0,0.375
1162,0.0,1.0
1163,0.625,0.0
1164,0.0,0.0
1165,0.0,0.0
1166,0.0,0.375
1167,0.0,0.125
1168,0.0,0.0
1169,0.0,0.5
1170,0.125,0.0
1171,0.0,0.375
1172,0.375,1.0
1173,0.0,0.5
1174,0.0,0.125
1175,0,0
1176,0.0,0.375
1177,0.125,0.375
1178,0.0,0.25
1179,0.125,0.375
1180,0.0,0.0
1181,0.0,0.25
1182,0.0,0.0
1183,0.0,0.375
1184,0.75,0.25
1185,0.125,0.0
1186,0.375,0.875
1187,0.0,0.0
1188,0.0,0.25
1189,0.0,0.125
1190,0.0,0.0
1191,0.0,0.25
1192,0.0,0.375
1193,0.0,0.0
1194,0.0,0.0
1195,0.0,0.0
1196,0.0,0.0
1197,1.0,0.375
1198,0.0,0.0
1199,0.0,0.0
1200,0.125,0.25
1201,0.625,0.5
1202,0.0,0.375
1203,0.0,0.25
1204,1.0,0.0
1205,0.0,0.375
1206,0.0,0.375
1207,0.0,0.375
1208,0.5,0.25
1209,0.25,0.0
1210,1.0,0.0
1211,0.125,0.0
1212,0.0,0
1213,0.0,0.75
1214,0.0,0.75
1215,0.0,0.375
1216,0.0,0.25
1217,0.0,0.0
1218,0.0,0.125
1219,0.0,0.0
1220,0.0,0.375
1221,0.625,0.0
1222,0.0,0.25
1223,0.0,0.25
1224,0.375,2.125
1225,0.0,0.0
1226,0.125,0.0
1227,0.0,0.0
1228,0.0,0.0
1229,0.0,0.0
1230,0.125,0.375
1231,0.0,0.25
1232,0.25,0.5
1233,0.0,0.625
1234,0.875,0.25
1235,0.625,0.5
1236,0.0,0.0
1237,0.0,0.5
1238,0.0,0.5
1239,0.375,0.0
1240,0,0
1241,0.0,0.25
1242,0.0,0.0
1243,0.0,0.375
1244,0.75,0.0
1245,0.0,0.25
1246,0,0.125
1247,0.5,0
1248,0.125,0.875
1249,0.0,0.125
1250,0.125,0.5
1251,0.0,0.375
1252,0.0,0.375
1253,0.625,0.0
1254,0.0,0.0
1255,0.0,0.25
1256,0.0,0.125
1257,0.0,0.125
1258,0.0,0.125
1259,0.0,0.125
1260,0,0.375
1261,0.25,0.0
1262,0.0,0.25
1263,0.5,0
1264,0.0,0.0
1265,0.0,0.125
1266,0.125,0.25
1267,0.0,0.0
1268,0.0,0.375
1269,0.0,0.125
1270,0,0.125
1271,0.375,0.875
1272,0.0,0.25
1273,1.125,0.25
1274,0.125,0.0
1275,0,0
1276,0.0,0.125
1277,0.0,0.125
1278,0.0,0.125
1279,0.0,0
1280,0.75,0.5
1281,0.0,0.25
1282,0.0,0.5
1283,0.0,0.25
1284,0.0,0.25
1285,0.0,0.375
1286,0.0,0.375
1287,0.0,0.0
1288,0.625,0.0
1289,0.0,0.375
1290,0.0,0.375
1291,0,0
1292,0.0,0.0
1293,0.0,0.375
1294,0.0,0.25
1295,0.0,0.0
1296,0.0,0.0
1297,0.0,0.0
1298,0.0,0.0
1299,0.0,0.0
1300,0.0,0.125
1301,0.0,0.0
1302,0.0,0.25
1303,0.125,0.0
1304,0.0,1.125
1305,0.0,1.125
1306,0.0,0.375
1307,0.0,1.125
1308,0.0,0.25
1309,0.0,1.125
1310,0.5,0
1311,0.0,1.125
1312,0.0,0.25
1313,0.75,0.5
1314,0.0,0.25
1315,0.0,0.375
1316,0.125,1.375
1317,0.0,0.375
1318,0.0,0.375
1319,0.0,0.375
1320,0.375,0.0
1321,0.0,0.0
1322,0.0,0.125
1323,0.0,1.125
1324,0.375,0.0
1325,0.625,0.25
1326,0,0.125
1327,0.375,1.125
1328,0.0,0.375
1329,0.0,1.125
1330,0.875,0.125
1331,0.0,0.125
1332,0.5,0.25
1333,0.375,0.0
1334,0.625,0.125
1335,0.0,0.0
1336,1.75,0.0
1337,0.0,0.0
1338,0.125,0.75
1339,0.0,0.25
1340,0.0,0.25
1341,0.0,0.375
1342,0.0,0.375
1343,0.125,0.0
1344,0.0,0.75
1345,0.0,0.375
1346,1.75,0.75
1347,0.0,0.375
1348,0.5,0
1349,0.0,0.375
1350,0.0,0.0
1351,0.0,0.0
1352,0.0,0.25
1353,0.0,0.125
1354,0.0,0.0
1355,0.0,0.0
1356,0.0,0.125
1357,0.125,0.0
1358,0.0,0.25
1359,0.75,1.375
1360,0.0,0.5
1361,0.375,0.0
1362,0.0,0.25
1363,0.0,0.0
1364,0.5,0.25
1365,0.0,0.25
1366,0.0,0.25
1367,0.125,0.875
1368,0.0,0.5
1369,0.0,0.375
1370,0.125,0.875
1371,0.125,0.875
1372,0.0,0.5
1373,0.0,0.25
1374,0.0,0.375
1375,0.0,0.125
1376,0.0,0.0
1377,0.0,0.25
1378,0.0,0.0
1379,0.0,0.0
1380,0.0,1.125
1381,0,0.0
1382,0.0,0.0
1383,0.0,0.625
1384,0.0,0
1385,0.25,0.75
1386,0.0,0.0
1387,0.0,0.375
1388,0.0,0.0
1389,0.0,0.0
1390,0.625,0.0
1391,0.0,0.375
1392,1.5,0.0
1393,0.0,0.0
1394,0.125,0.625
1395,0.25,0.5
1396,0.125,0.375
1397,0.0,1.0
1398,0.375,0.875
1399,0.0,0.0
1400,0.0,0.375
1401,0,0.75
1402,1.0,0.25
1403,0.875,0.125
1404,0.25,0.25
1405,0.0,0.875
1406,0.75,0.125
1407,0,0.0
1408,0.25,0.25
1409,0.0,1.875
1410,0.125,0.75
1411,0.0,0.25
1412,0.125,1.0
1413,1.125,0.625
1414,0.375,0
1415,0.0,0.0
1416,0.375,0.125
1417,0.0,0.25
1418,0.0,0.0
1419,0.25,0.25
1420,0.0,0.0
1421,0.75,0.5
1422,0.0,0.375
1423,0.25,0.25
1424,0.0,1.625
1425,0.0,0.25
1426,0.0,0.375
1427,0.0,0.0
1428,0.0,0.375
1429,0.125,0.625
1430,0.0,0.375
1431,0.5,0.25
1432,0.375,0.125
1433,0.0,0.375
1434,0.0,0.0
1435,0.625,0.0
1436,0.0,0.125
1437,0.0,0.375
1438,0.125,0.375
1439,0.625,0.0
1440,0.25,0.0
1441,0.0,1.25
1442,0.625,0.0
1443,0.625,0.0
1444,0.625,0.0
1445,0.625,0.0
1446,0.0,0.0
1447,0.625,0.0
1448,0.0,0.0
1449,0.0,0.0
1450,0.625,0.0
1451,0.625,0.0
1452,0.0,0.25
1453,0.625,0.0
1454,0.5,0.0
1455,0.625,0.0
1456,0.625,0.0
1457,0.625,0.0
1458,0.5,0.125
1459,0.0,0.125
1460,0.25,0.25
1461,0.625,0.0
1462,0.75,0.5
1463,0.0,0.0
1464,0.0,0.0
1465,0.625,0.0
1466,0.625,0.0
1467,0.625,0.0
1468,0.625,0.0
1469,0.625,0.0
1470,0.125,0.125
1471,0.0,1.125
1472,0.0,0.375
1473,0.0,0.25
1474,0.0,0.0
1475,0.0,0.0
1476,0.0,0.25
1477,0.625,0.0
1478,0.0,0.0
1479,0.625,0.0
1480,0.125,1.375
1481,0.0,0.25
1482,0.75,0.25
1483,0.125,0.25
1484,0.0,0.25
1485,0.0,0.0
1486,0.0,0
1487,0.25,0.25
1488,0,1.0
1489,0.125,0
1490,0.0,0.125
1491,0.0,0.5
1492,0.375,0.75
1493,0.0,0.25
1494,0.25,0.0
1495,0.0,0.0
1496,0.0,0.125
1497,0.625,0.0
1498,0.25,0.25
1499,0.0,0.0
1500,0.125,1.375
1501,0,0
1502,0.25,0.25
1503,0.625,0.25
1504,0.0,0.0
1505,0.25,0.0
1506,0.625,0.0
1507,1.0,0.0
1508,0.0,0.125
1509,0.375,0.875
1510,0,0
1511,0.5,0.0
1512,0.75,0.375
1513,0.0,0.25
1514,0.0,0.0
1515,0.0,0.0
1516,0.0,0.0
1517,0.0,0.0
1518,0.0,0.0
1519,0.0,0.25
1520,0.375,0.375
1521,0.0,0.0
1522,0.0,0.0
1523,0.0,0.0
1524,0.0,0.0
1525,0.0,0.0
1526,0.0,0.0
1527,0.0,0.0
1528,0.0,0.0
1529,0.0,0.0
1530,0.0,0.0
1531,0.0,0.0
1532,0.0,0.0
1533,0.0,0.0
1534,0.0,0.0
1535,0.0,0.0
1536,0.0,0.0
1537,0.0,0.0
1538,0.0,0.25
1539,0.0,0.375
1540,0.75,0.125
1541,0.625,0.0
1542,0.125,0.0
1543,0.125,0.375
1544,0.25,1.0
1545,0.125,0.625
1546,0.0,0.25
1547,0.0,0.125
1548,0.0,0.125
1549,0.375,0.375
1550,0.0,0.75
1551,0,0.125
1552,0.125,0.0
1553,0.0,0.0
1554,0.0,0.0
1555,0.0,0.25
1556,0.0,0.375
1557,0.0,0.125
1558,0.0,0.25
1559,0.0,0.375
1560,0.0,0.25
1561,0.125,0.875
1562,0.625,0.0
1563,0.0,0.0
1564,0.0,0.0
1565,0.125,0.875
1566,0.0,0.0
1567,0.25,0.5
1568,0.0,0.0
1569,0.5,0.25
1570,0.0,1.25
1571,0.0,0.125
1572,0.75,0.0
1573,0.0,0.125
1574,0.0,0.25
1575,0.0,0.375
1576,0.625,0.0
1577,0.0,0.25
1578,0,0
1579,0.0,0.0
1580,0.0,0.125
1581,0.0,0.0
1582,0.0,0.0
1583,0.125,1.125
1584,0.0,1.0
1585,1.125,0.75
1586,0.0,0.0
1587,0.0,0.125
1588,0.0,0.125
1589,0,0.75
1590,0.0,0.0
1591,0.25,0.25
1592,0.0,0.25
1593,0.0,0
1594,0.375,0.375
1595,0.375,0.0
1596,0,0
1597,0.0,0.5
1598,0.0,0.0
1599,0.0,0.0
1600,0.0,0.25
1601,0.0,0.0
1602,0.0,0.125
1603,0.0,0.0
1604,0.0,0.0
1605,0.125,0.375
1606,0.875,0.0
1607,0.0,0.0
1608,0.0,0.0
1609,0.0,0.375
1610,0.125,0.125
1611,0.0,0.375
1612,0.0,0.0
1613,0,0.75
1614,0.0,0.625
1615,1.125,0.75
1616,0.0,0.0
1617,0.0,0.375
1618,0.0,0
1619,0.0,0.375
1620,0.0,0.0
1621,1.0,0.0
1622,0.0,0.25
1623,0.0,0.0
1624,0.5,0.0
1625,0.0,0.25
1626,0.625,0.0
1627,0.0,0.125
1628,0.125,0.5
1629,0.0,0.375
1630,0,0.0
1631,0.125,0.375
1632,0.25,0.25
1633,0.5,0.0
1634,0.75,0.625
1635,0.25,0.0
1636,0.125,0.375
1637,0.875,0.25
1638,0.0,0
1639,0.25,1.25
1640,0.0,0.0
1641,0.0,0.0
1642,0.25,0.0
1643,0.0,0.375
1644,1.875,0.625
1645,0.0,0.375
1646,0.625,0.0
1647,0.0,0.25
1648,0.0,0.0
1649,0.0,0.125
1650,0.0,0.25
1651,0.0,0.0
1652,0.0,0.0
1653,0.625,0.5
1654,0.375,0
1655,0.375,0
1656,0.0,0.25
1657,0.25,0.25
1658,0.625,0.5
1659,0.0,0.25
1660,0.0,0.0
1661,0.0,0.0
1662,0.0,0.0
1663,0.0,0.0
1664,0.25,0.625
1665,0.0,2.25
1666,0.375,0.0
1667,0.75,0.0
1668,0.0,0.375
1669,0.75,0.0
1670,0.0,1.25
1671,0.0,0.0
1672,0.75,0.0
1673,0.0,0.0
1674,0,0
1675,0.0,0.0
1676,0.375,0.125
1677,0.0,0.125
1678,0.25,0.75
1679,0.0,0.125
1680,0.0,1.5
1681,0.125,1.0
1682,0,0
1683,0.0,0.25
1684,0.0,0.5
1685,0.0,0.0
1686,0,0
1687,0.125,1.375
1688,0.0,0.375
1689,0.0,0.375
1690,1.25,0.0
1691,0.0,0.25
1692,0,0
1693,0.125,0.0
1694,0.25,0.25
1695,0.0,0.125
1696,0.0,0.0
1697,0.0,0.375
1698,0.0,0.0
1699,0.125,0.0
1700,0.25,0.0
1701,0.75,0.0
1702,0.125,0.0
1703,0.0,0.0
1704,0.0,0.125
1705,0.0,0.75
1706,0.0,0.125
1707,0.0,0.125
1708,0.0,0.5
1709,0.0,0.375
1710,0.0,0.25
1711,0.0,0.125
1712,0.75,0.0
1713,0.0,0.0
1714,0.0,0.0
1715,0.0,0.0
1716,0.0,0.0
1717,0.0,0.0
1718,0.0,0.0
1719,1.125,0.125
1720,0.875,0.5
1721,0.75,0.0
1722,0.75,0.5
1723,0.0,0.125
1724,0.125,0.75
1725,0.0,0.25
1726,0.0,0.125
1727,0,0
1728,0.25,1.0
1729,0.0,0.0
1730,0.0,0.375
1731,0.0,0.375
1732,0.25,0.0
1733,0.25,0.75
1734,0.0,0.375
1735,0.75,0.0
1736,0.0,0.125
1737,0.0,0.125
1738,1.0,0.0
1739,0.0,0.75
1740,0.125,0.0
1741,0.0,0.0
1742,0,0.25
1743,0.625,1.25
1744,0.0,0.25
1745,0.125,0.0
1746,0.125,0.75
1747,0.125,0.25
1748,0.0,0.0
1749,0.0,0.375
1750,0.0,0.0
1751,0.0,0.0
1752,0.0,0.125
1753,0.0,0.125
1754,0.125,0.125
1755,0.0,0.0
1756,0.0,1.5
1757,0.25,0.25
1758,0.875,0.375
1759,0,0.0
1760,0,0.0
1761,0.0,0.0
1762,0.375,0.0
1763,0.25,0.25
1764,0,0.0
1765,0.0,0.375
1766,0.0,0.0
1767,0.0,0.0
1768,0.0,0.0
1769,0.0,0.375
1770,0.0,0.625
1771,0.625,0.25
1772,0.0,0.75
1773,0.0,0.0
1774,0.0,0.0
1775,0.0,0.0
1776,0.0,0.0
1777,0.0,0.375
1778,0.25,0.25
1779,0,0.0
1780,0.75,0.0
1781,0,0
1782,0.25,0.25
1783,0.0,0.375
1784,0.0,0.375
1785,0.0,0.375
1786,0.25,0.125
1787,0.0,0.25
1788,0.125,0.375
1789,0.0,0.0
1790,0.0,0.375
1791,0.25,0.875
1792,0.0,0.0
1793,0.0,0.0
1794,0.0,0.375
1795,0.0,0.75
1796,0.0,0.125
1797,0.0,0.0
1798,0.0,0.375
1799,0.5,0.125
1800,0.0,0.125
1801,0.625,0.25
1802,0.0,0.375
1803,0.5,0.0
1804,0.0,1.0
1805,0,0
1806,0.0,0.0
1807,0.0,1.0
1808,0.0,0.375
1809,0.0,0.0
1810,0.0,0.0
1811,0.0,0.375
1812,0.0,0.0
1813,0,0.0
1814,0.0,0.375
1815,0.25,0.5
1816,0.0,0.0
1817,0.0,0.25
1818,0.125,0.375
1819,0.5,0.0
1820,0.0,0.25
1821,0.0,0.375
1822,0.0,0.375
1823,0.0,0.25
1824,0.0,0.125
1825,0.0,0.0
1826,0.0,0.375
1827,0.0,0.125
1828,0,0.0
1829,0.0,0.375
1830,0.125,0.125
1831,0.625,0.125
1832,0.25,0.0
1833,0.125,0.0
1834,0.0,0.0
1835,0.0,0.0
1836,0.0,0.0
1837,0.0,0.25
1838,0.0,0.375
1839,0.0,0.25
1840,0.0,0.375
1841,0.0,0.0
1842,0.0,0.0
1843,0.75,0.0
1844,0.0,0.0
1845,0.125,0.125
1846,0.5,0.0
1847,0.375,0.375
1848,0.125,0.375
1849,0,0.625
1850,0,1.5
1851,1.625,0.0
1852,0.125,0.375
1853,0,0
1854,0.0,0.25
1855,0.0,0
1856,0.0,0.375
1857,0.0,0.125
1858,0.5,0.0
1859,0.875,0.125
1860,0.0,0.25
1861,0.625,0.125
1862,0.625,0.0
1863,0.0,0.0
1864,0.0,0.0
1865,0.0,0.0
1866,0.0,0.0
1867,0.0,0.0
1868,0.0,0.0
1869,0.0,0.0
1870,0.0,0.0
1871,0.0,0.0
1872,0.0,0.0
1873,0.0,0.0
1874,0.0,0.0
1875,0.0,0.0
1876,0.0,0.0
1877,0.0,0.0
1878,0.0,0.0
1879,0.0,0.0
1880,0.0,0.0
1881,0.0,0.0
1882,0.0,0.0
1883,0.0,0.0
1884,0.0,0.0
1885,0.0,0.0
1886,0.0,0.0
1887,0.0,0.0
1888,0.0,0.0
1889,0.0,0.0
1890,0.0,0.0
1891,0.0,0.0
1892,0.0,0.0
1893,0.0,0.0
1894,0.0,0.0
1895,0.0,0.0
1896,0.0,0.0
1897,0.0,0.0
1898,0.0,0.0
1899,0.0,0.0
1900,0.0,0.0
1901,0.0,0.0
1902,0.0,0.0
1903,0.0,0.0
1904,0.0,0.0
1905,0.75,0.5
1906,0.0,0.375
1907,0.0,0.75
1908,0.0,0.0
1909,0.0,0
1910,0.0,0.5
1911,0.25,0.0
1912,0.0,0.0
1913,0.0,0.0
1914,0.0,0.125
1915,0.0,0.0
1916,0.0,0.0
1917,0.0,0.125
1918,0.0,0.0
1919,0.0,1.125
1920,0.0,0.0
1921,0.0,0.375
1922,0.375,0.375
1923,0.0,0.125
1924,0.0,0.0
1925,0.25,0.5
1926,0.0,0.0
1927,0.25,0.5
1928,0,0.0
1929,0.0,0.0
1930,0.0,0.375
1931,0.125,0.875
1932,0.0,0.25
1933,0.0,0.0
1934,0.5,0.25
1935,0,0
1936,0.0,0.375
1937,0.0,0.375
1938,0.0,0.0
1939,0.0,0.375
1940,0.0,0.0
1941,0.125,0.75
1942,0.125,0.25
1943,0.75,0.5
1944,0.0,0.0
1945,0.75,0.5
1946,1.0,0.375
1947,0.0,0.25
1948,0.0,0.0
1949,0.125,0.0
1950,0.75,0.5
1951,0.0,0.0
1952,0.0,0.125
1953,0.0,0.125
1954,0.0,0.0
1955,0.75,0.5
1956,0.125,1.0
1957,0.0,0.0
1958,0.0,0.0
1959,0.0,0.0
1960,0.0,0.0
1961,0.0,0.0
1962,0.0,0.0
1963,0.0,0.0
1964,0.0,0.0
1965,0.0,0.0
1966,0.0,0.0
1967,0.0,0.0
1968,0.25,0.25
1969,0.0,0.0
1970,0.25,0.75
1971,0,0
1972,0.0,0.0
1973,0.0,0.0
1974,0.0,0.375
1975,0.5,0.0
1976,0.0,0
1977,0.0,0.75
1978,0.0,0.125
1979,1.0,0.0
1980,0.25,1.0
1981,0.5,0.0
1982,0.0,0.375
1983,0.0,0.375
1984,0.125,0.0
1985,0.0,0.125
1986,0.0,0.375
1987,0.0,0.75
1988,0.0,0.375
1989,0.25,0.5
1990,0.625,0.0
1991,0.0,0.375
1992,0.125,0.0
1993,0.125,0.0
1994,0.0,0.0
1995,0.0,0.5
1996,0.75,0.125
1997,0.0,0.0
1998,0.75,0.0
1999,0.0,0.25
2000,0.0,0.0
2001,0.0,0.375
2002,0.0,1.0
2003,0,0
2004,0.0,0.0
2005,0.25,1.0
2006,0.125,0.75
2007,0.0,0.0
2008,0.0,1.125
2009,0.5,0.917
2010,0.375,1.625
2011,0.0,0.0
2012,0.25,0
2013,0.0,0.0
2014,0.0,0.0
2015,0.0,0.0
2016,0.0,0.0
2017,0.0,0.0
2018,0.125,1.125
2019,0.0,0.375
2020,0.25,0.125
2021,0.0,0.125
2022,0.375,1.875
2023,0.0,0.0
2024,0.0,0.25
2025,0.0,0.0
2026,0.5,0.25
2027,0.0,0.0
2028,0.25,0.125
2029,0.5,0.25
2030,0.5,0.25
2031,0.0,0.125
2032,0.5,0.25
2033,0.0,0.0
2034,0.0,0.0
2035,0.25,0.125
2036,0.125,0.125
2037,0.0,0.0
2038,0.0,0.0
2039,0.0,0.5
2040,0.5,0.5
2041,0.0,1.25
2042,0.75,0.5
2043,0.375,2.0
2044,0.0,0.0
2045,0.0,0.0
2046,0.375,0.0
2047,0.0,0.0
2048,0.0,0.375
2049,0.0,0.0
2050,0,0.0
2051,0.0,0.375
2052,0.25,0.0
2053,0.0,0.0
2054,0.0,0.375
2055,0.0,0.25
2056,0.0,0.75
2057,0.0,0.0
2058,0.0,0.5
2059,0.25,0.0
2060,0.0,0.0
2061,0.0,0.0
2062,0.0,0.0
2063,0.25,0.5
2064,0.0,0.0
2065,0.0,0.0
2066,0.0,0.75
2067,0.5,0.25
2068,0.0,1.125
2069,0.25,0.0
2070,0,0
2071,0.0,0.0
2072,0.0,0.0
2073,0.125,0.25
2074,0,0.0
2075,0.875,0.125
2076,0.0,0.0
2077,0.75,0.5
2078,0.0,0.25
2079,0.0,0.375
2080,0.0,0.0
2081,0,0.0
2082,0.0,0.0
2083,0.0,0.25
2084,0.0,0.75
2085,0.75,0.25
2086,0.0,0.0
2087,0.125,0.25
2088,0.125,0.5
2089,0.125,0.0
2090,0.0,0.25
2091,0.0,0.0
2092,0.0,0.375
2093,0.0,0.0
2094,0.0,0.0
2095,0.0,0.375
2096,0.0,0.0
2097,0.0,0.25
2098,0.0,0.75
2099,0,0.0
2100,0.75,0.5
2101,0,0.0
2102,0.0,0.125
2103,0.0,0.375
2104,0.0,1.375
2105,0.0,0.0
2106,0.0,0.375
2107,0.125,1.125
2108,0.0,0.0
2109,0.0,0.0
2110,0.125,0.375
2111,0.125,0.125
2112,0.375,0.0
2113,0.0,0.0
2114,0,0.0
2115,0.0,0.25
2116,0.0,0.0
2117,0.0,0.125
2118,0.25,0.25
2119,0.0,0.25
2120,0.125,0.375
2121,0.0,0.0
2122,0.0,0.0
2123,0.0,0.0
2124,0.0,0.0
2125,0.0,0.0
2126,0.0,0.0
2127,0.0,0.0
2128,0.0,0.0
2129,0.0,0.75
2130,0.5,0.125
2131,0.0,0.125
2132,0.5,0.125
2133,0.0,0.0
2134,0.0,0.0
2135,0.375,2.125
2136,0.625,0.0
2137,0.125,0.0
2138,0.125,1.0
2139,0,0
2140,0.0,0.125
2141,0.0,0.375
2142,0.0,0.375
2143,0.125,0.75
2144,0.125,0.75
2145,0.375,0.0
2146,0.0,0.75
2147,0.0,0.0
2148,0.5,0.0
2149,0.0,0.0
2150,0.25,0.625
2151,0.0,0.0
2152,0.0,0.375
2153,0.125,1.0
2154,0.0,0.25
2155,0.0,0.125
2156,0.0,0.0
2157,0.0,0.125
2158,0.0,0.0
2159,0.0,0.125
2160,0.0,0.0
2161,0.125,0.75
2162,0.0,0.125
2163,0.0,0.125
2164,0.375,0.0
2165,0.0,0.25
2166,0.0,0.375
2167,0.0,1.125
2168,0.25,0.0
2169,0.25,0.5
2170,0.125,0.375
2171,0.375,0.125
2172,0.0,0.0
2173,0.0,0.375
2174,0.0,0.125
2175,0.0,0.0
2176,1.0,0.0
2177,0.0,1.375
2178,0.0,0.0
2179,0.0,0.0
2180,0.0,0.125
2181,0.0,0.125
2182,0.0,0.125
2183,0.125,0.875
2184,0.0,0.125
2185,0.625,0.375
2186,0.0,0.0
2187,0,0.75
2188,0.75,0.25
2189,0.0,0.125
2190,0.25,0.0
2191,0.25,0.0
2192,0.0,0.125
2193,0.0,0.0
2194,0.0,0.0
2195,0,0
2196,0.0,0.0
2197,0.375,0.0
2198,0.0,0.0
2199,0.0,0.0
2200,0.0,0.0
2201,0.0,0.0
2202,0.0,0.0
2203,0.0,0.0
2204,0.25,0.5
2205,0.0,0
2206,0.25,0.25
2207,0.0,0.0
2208,0.0,0.125
2209,0.0,0.0
2210,0.0,0.375
2211,0.5,0.25
2212,0.5,0.0
2213,0.0,0.0
2214,0.125,0.0
2215,0.0,0.0
2216,0.0,0.375
2217,0.0,0.0
2218,0,0.0
2219,0.0,0.125
2220,0.0,0.0
2221,0.0,0.25
2222,0.0,0.0
2223,0.25,1.0
2224,0.25,1.25
2225,0.0,0.125
2226,0.25,0.375
2227,0.0,0.0
2228,0.875,0.125
2229,0.0,0.875
2230,0.25,0.375
2231,0.0,0.0
2232,0.75,0.25
2233,0.0,0.0
2234,0.0,0.0
2235,0.0,0.0
2236,0.0,0.0
2237,0.0,0.375
2238,0.0,0.0
2239,0.0,0.0
2240,0.0,0.0
2241,0.0,0.25
2242,1.5,0.0
2243,0.0,0.375
2244,0.75,0.25
2245,0.5,0.0
2246,0.0,0.125
2247,0.0,0.0
2248,0.0,0.0
2249,0.0,0.0
2250,0.0,0.0
2251,0,0
2252,0.0,0.0
2253,0.0,0.375
2254,0.625,0.125
2255,0,0.375
2256,0.0,0.0
2257,0.5,0.375
2258,0.125,1.375
2259,0.0,0.0
2260,0.5,0.0
2261,1.25,1.125
2262,0.0,0.625
2263,0.125,0.5
2264,1.0,0.375
2265,0.5,0.25
2266,0.0,0.5
2267,0.0,0.125
2268,0.0,0.625
2269,0.0,0.375
2270,1.5,0.125
2271,0.0,0.625
2272,0.0,0.25
2273,0.0,0.375
2274,0.0,0.375
2275,0,0.0
2276,0.125,0.125
2277,0.0,0.625
2278,0.25,0.125
2279,0.25,0.625
2280,0.5,0.25
2281,0.0,0.375
2282,0.5,0.25
2283,0,0
2284,0.5,0.0
2285,0.0,0.625
2286,0.5,0.25
2287,0.0,0.125
2288,0.5,0.125
2289,0.0,0.0
2290,0.0,0.625
2291,0.0,0.375
2292,0.0,0.625
2293,0.0,0.0
2294,0.0,0.375
2295,0.0,0.625
2296,0.5,0.0
2297,0.0,0.125
2298,0.0,0.25
2299,0.0,1.0
2300,0.25,0.125
2301,0.0,0.75
2302,0.375,0.125
2303,0.5,0.0
2304,0.0,0.625
2305,0.5,0.875
2306,0.0,0.0
2307,0.0,0.75
2308,0.25,0.0
2309,0.0,1.625
2310,0.5,0
2311,0.0,0.625
2312,0,0.375
2313,0.0,0.25
2314,0.0,0.375
2315,0,0.75
2316,0.5,0.625
2317,0.25,0.125
2318,0.0,0.125
2319,0.0,0.0
2320,0.5,0.625
2321,0.25,0.125
2322,0,0.75
2323,0.25,0.125
2324,0,0.0
2325,0.0,0.375
2326,1.125,0.875
2327,0.0,0.125
2328,0.0,0.375
2329,0.25,0.0
2330,0.875,0.5
2331,0.0,0.25
2332,0.125,0
2333,0.0,0.0
2334,0.0,0.0
2335,0.0,0.0
2336,0.875,0.5
2337,0.875,0.5
2338,0.0,0.375
2339,0.0,0.0
2340,0.875,0.5
2341,0.0,0.25
2342,0.0,0.125
2343,0.625,0.375
2344,0.0,0.0
2345,0.0,0.0
2346,0.0,0.0
2347,0.0,0.0
2348,0.0,0.375
2349,0.0,0.0
2350,0.0,0.125
2351,0.5,0.25
2352,0.0,0.0
2353,0.0,1.125
2354,0.25,0.0
2355,0.0,0.0
2356,0.0,0.375
2357,0.0,0.25
2358,0.0,0.375
2359,0.0,0.0
2360,0.0,0.375
2361,0.0,0.0
2362,0.25,0.25
2363,0.0,0.375
2364,0.0,0.25
2365,0.0,0.375
2366,0.125,0.875
2367,0.125,0.25
2368,0.0,0.375
2369,0.125,0.125
2370,0.0,0.375
2371,0.0,0.0
2372,0.0,0.375
2373,1.75,0.125
2374,0.0,0.0
2375,0.0,0.75
2376,0.125,0.25
2377,0.125,1.375
2378,0,0.0
2379,0.0,0.75
2380,0.5,0.75
2381,0.0,0.375
2382,0.125,0.125
2383,0.0,0.625
2384,0.0,0.0
2385,0.0,0.0
2386,0.0,0.0
2387,0.125,1.0
2388,0.25,0.5
2389,0.0,0.0
2390,1.25,0.5
2391,0.5,0.25
2392,0.25,0
2393,0.0,0.375
2394,0.125,0.625
2395,0.0,0.0
2396,0.125,1.0
2397,0.0,0.875
2398,0.0,0.625
2399,0.0,0.0
2400,0.0,0.625
2401,0.125,0.625
2402,0.0,0.625
2403,0.25,0.125
2404,0.0,0.0
2405,0.75,0.5
2406,1.0,0.375
2407,0.0,1.125
2408,0.25,0.125
2409,0.625,0.0
2410,0.0,0.0
2411,0.0,0.625
2412,0.0,0.375
2413,0.0,0.375
2414,0.0,0.625
2415,0.0,0.0
2416,0.0,0.0
2417,0.625,0.375
2418,0,0.125
2419,0.75,0.25
2420,0.0,0.0
2421,0.0,0.5
2422,0.0,0.0
2423,0.0,0.375
2424,0.0,0.5
2425,1.0,0.5
2426,0.0,0.75
2427,0.25,0.25
2428,1.125,1.25
2429,0.0,0.0
2430,0.375,0.0
2431,0.0,0.625
2432,0.0,0.0
2433,0.0,0.25
2434,0.0,0.375
2435,0.0,0.375
2436,0.0,0.375
2437,0,0.375
2438,0.875,0.5
2439,0.0,0.625
2440,0.25,0.375
2441,0.875,0.5
2442,0.0,0.0
2443,0.0,0.5
2444,0.0,0.375
2445,0.125,0.5
2446,0.5,0.25
2447,0.875,0.5
2448,0.875,0.5
2449,0.875,0.5
2450,0.125,0.5
2451,0.875,0.5
2452,0.125,0.0
2453,0.0,0.25
2454,0.625,0.0
2455,0.0,0
2456,0.0,0.0
2457,0.125,1.0
2458,0.875,0.5
2459,0,0.75
2460,0.875,0.125
2461,0,0.75
2462,0.125,1.375
2463,0,0.75
2464,0.0,0.75
2465,0.375,2.125
2466,0.375,0.0
2467,0.0,1.375
2468,0.375,0.875
2469,0.0,0.375
2470,0.75,0.0
2471,0.125,0.0
2472,0.0,0.375
2473,0.75,0.625
2474,0.0,0.0
2475,0,0.75
2476,0.0,0.0
2477,0.0,0.0
2478,0.0,0.0
2479,0.0,0.0
2480,0.875,0.5
2481,0.0,0.0
2482,0.0,0.0
2483,0.375,0.875
2484,0.625,1.375
2485,0.125,1.0
2486,0.375,0.0
2487,0.625,0.0
2488,0.875,0.125
2489,0.125,0.25
2490,0.25,0.375
2491,0.0,0.0
2492,0.0,0.375
2493,0,0.625
2494,0.875,0.5
2495,0.875,0.5
2496,0.5,0.75
2497,0.0,0.375
2498,0.125,0.0
2499,0.0,0.75
2500,0.125,0.125
2501,0.625,0.0
2502,0.0,0.0
2503,0,0
2504,0.0,0.75
2505,0.0,0.0
2506,0.125,0.0
2507,0.0,0.5
2508,0,0.75
2509,0.75,0.5
2510,0.875,0.5
2511,0.5,0.75
2512,0,0.0
2513,0,0.75
2514,0.0,0.375
2515,0.0,0.125
2516,0.0,0.625
2517,0.0,0.375
2518,0.0,0.625
2519,0.875,1.375
2520,0.0,0.0
2521,0.0,0.125
2522,0.25,0.0
2523,0.5,1.375
2524,0.0,0.0
2525,0.0,0.25
2526,0.25,0.25
2527,0.0,0.375
2528,0.0,0.25
2529,0.0,0.5
2530,0.0,0.5
2531,0.875,0.5
2532,1.375,0.5
2533,0.0,0.125
2534,0.0,0.125
2535,0.0,0.75
2536,1.0,0.25
2537,0.5,0.0
2538,0.0,0.125
2539,0.0,0.125
2540,0.0,0
2541,0.0,0.125
2542,0.5,1.375
2543,0.0,0.125
2544,0.0,0.125
2545,0.0,0.125
2546,0,0.75
2547,0.0,0.125
2548,0.0,0.125
2549,0.625,0.75
2550,0.5,1.375
2551,0.0,0.125
2552,0.25,0.0
2553,0.0,0.0
2554,0.25,0.0
2555,0.0,0.125
2556,0.0,0.75
2557,0.0,0.125
2558,0.0,0.0
2559,0.0,0.125
2560,0,0.75
2561,0.0,0.0
2562,0.0,0.0
2563,0.0,0.25
2564,0.0,0.0
2565,0.0,0.125
2566,0.0,0.375
2567,0.0,0.125
2568,0.0,0.0
2569,0.125,0.375
2570,0.0,0.0
2571,0.0,0.125
2572,0.0,0.125
2573,0.0,0.125
2574,0.625,0.0
2575,0.0,0.125
2576,0.0,0.125
2577,0.0,1.0
2578,0.0,0.625
2579,0.0,0.125
2580,0.0,0.0
2581,0.0,0.125
2582,0.0,0.0
2583,0.0,0.125
2584,0.0,0.125
2585,0.0,0.125
2586,0.0,0.125
2587,1.0,0.25
2588,0.0,0.125
2589,0.5,0.625
2590,0.0,0.25
2591,0.0,0.125
2592,0.0,0.0
2593,0.0,0.125
2594,0.0,0.125
2595,0,0.0
2596,0.0,0.125
2597,0.0,0.0
2598,0.0,0.125
2599,0.0,0.125
2600,0.0,0.125
2601,0.0,0.125
2602,0.0,0.125
2603,0.0,0.125
2604,0.0,0.125
2605,0.0,0.125
2606,0.0,0.125
2607,0.0,0.125
2608,0.0,0.0
2609,0.0,0.125
2610,0.0,0.125
2611,0.875,0.5
2612,0.0,0.0
2613,0.0,0.0
2614,0.0,0.125
2615,0.0,0.125
2616,0.0,0.0
2617,0.0,0.125
2618,0.375,0.875
2619,0.0,0.0
2620,0.125,0.0
2621,0.0,0.125
2622,0.0,0.375
2623,0.0,0.125
2624,0,0
2625,0.0,0.0
2626,0.875,0.125
2627,0.0,0.125
2628,0.0,0.125
2629,0.0,0.125
2630,0.0,0.125
2631,0.0,0.125
2632,0.0,0.125
2633,0,0.0
2634,0.0,0
2635,0.0,0.125
2636,0.0,0.375
2637,0.5,0.0
2638,0.25,0.625
2639,0.0,0.125
2640,0.0,0.875
2641,0.0,0.0
2642,0.0,0.125
2643,0.125,0.0
2644,0.0,0.125
2645,0.0,0.125
2646,0.0,0.125
2647,1.375,1.5
2648,0.0,0
2649,0.0,0.625
2650,0.0,0.125
2651,0.0,0.125
2652,0.5,1.375
2653,0.25,0.0
2654,0.0,0.0
2655,0.0,0.125
2656,0.0,0.125
2657,0.0,0.125
2658,0.0,0.125
2659,0.0,0.625
2660,0.0,0.625
2661,0.0,0.0
2662,0.0,0.125
2663,1.0,0.0
2664,0.25,0.0
2665,0.0,0.125
2666,0.0,0.125
2667,0.0,0.625
2668,0.0,0.625
2669,0.0,0.625
2670,0.0,0.625
2671,0.25,0.0
2672,0.0,0.125
2673,0.0,0.0
2674,0.875,0.5
2675,0.0,0.125
2676,0.0,0.0
2677,0.0,0.0
2678,0.0,0.625
2679,0.0,0.75
2680,0.0,0.0
2681,0.0,0.25
2682,0.0,0.5
2683,0.0,0.125
2684,0.125,0.375
2685,0.0,0.125
2686,0.125,0.5
2687,0.875,0.0
2688,0.0,0.625
2689,0.0,0.625
2690,0.125,0.375
2691,0.0,0.125
2692,0.0,0.125
2693,0.0,0.625
2694,0.375,0.75
2695,0.0,0.0
2696,0.0,0.125
2697,0.0,0.125
2698,0.0,0.125
2699,0.0,0.0
2700,0.0,0.125
2701,0.375,0.5
2702,0.0,0.125
2703,0.0,1.0
2704,0.125,1.0
2705,0.0,0.25
2706,0.0,0.125
2707,0.0,0.0
2708,0.0,0.625
2709,0.25,0.0
2710,0.0,0.0
2711,0.0,0.625
2712,0.0,0.0
2713,0.0,0.125
2714,0.0,0.625
2715,0.5,0.125
2716,1.0,0.25
2717,0.25,0.375
2718,0.0,0.0
2719,0.25,0.625
2720,0.0,0.0
2721,0.0,0.125
2722,0,0.75
2723,0.0,0.0
2724,0.0,0.125
2725,0.0,0.125
2726,0.0,0.0
2727,0.0,0.0
2728,1.375,1.5
2729,0.0,0.375
2730,0.375,0.0
2731,0.0,0.125
2732,0.0,0.5
2733,0.0,0.125
2734,0.0,0.0
2735,0.0,0.125
2736,0.125,0.0
2737,0.0,0.125
2738,0,0.0
2739,0.0,0.0
2740,0.0,0.0
2741,0.25,0.375
2742,0.375,0.875
2743,0.625,1.875
2744,0.0,0.5
2745,0.0,0.125
2746,0.875,0.5
2747,0.0,2.0
2748,0.0,0.125
2749,0.875,0.5
2750,0.0,0.25
2751,0.0,0.375
2752,0.5,0.5
2753,0.0,0.0
2754,0.0,0.125
2755,0.0,0.125
2756,0.0,0.125
2757,0.0,2.0
2758,0.0,0.125
2759,0.0,0.125
2760,0.0,0.125
2761,0.0,0.0
2762,1.25,0.75
2763,0.125,0.375
2764,0.0,0.125
2765,0.625,0.0
2766,0.0,0.75
2767,0.0,2.0
2768,0.0,0.125
2769,0.0,0.125
2770,0.0,0.0
2771,0.125,0.0
2772,0.0,0.125
2773,0.5,0.0
2774,0.0,0.125
2775,0.0,0.5
2776,0.0,0.0
2777,0.0,0.0
2778,0.0,0.5
2779,0.25,0.0
2780,0.0,0.0
2781,0.0,0.0
2782,0.0,0.0
2783,0.0,2.0
2784,0.0,0.125
2785,0.0,0.0
2786,0.0,0.0
2787,0.0,0.125
2788,0.0,2.0
2789,0.0,2.0
2790,0.125,0.875
2791,0.0,0.5
2792,0.375,0.0
2793,0.0,0.125
2794,0.0,0.0
2795,0.375,0.875
2796,0.5,0.0
2797,0.0,0.0
2798,0.0,2.0
2799,0.0,0.125
2800,0.0,0.125
2801,0,0.75
2802,0.0,0.0
2803,0.0,0.5
2804,0.0,0.5
2805,0.0,0.125
2806,0.625,0.0
2807,1.0,0.0
2808,0.125,1.0
2809,0.375,0.875
2810,0.625,0.0
2811,0.0,0.125
2812,0.375,0.875
2813,0.5,0.625
2814,0.0,0.125
2815,0.0,0.25
2816,0.0,0.0
2817,0.0,0.125
2818,0.75,0.125
2819,0,0.75
2820,0.625,0.0
2821,0.875,0.5
2822,0.0,0.125
2823,0.375,0.875
2824,0.0,0.0
2825,0.25,0.5
2826,0.375,0.875
2827,0.5,0.625
2828,0.0,0.0
2829,0.0,0.0
2830,0.0,2.0
2831,0,0.0
2832,0,0.75
2833,0.0,0.0
2834,0.5,0.0
2835,0.0,0.0
2836,0,0.0
2837,0.0,0.125
2838,0.0,0.0
2839,0.0,0.125
2840,0.25,0.0
2841,0.0,0.0
2842,0.0,0.0
2843,0.0,0.125
2844,0.0,2.0
2845,0.0,0.125
2846,0.0,0.375
2847,0.0,2.0
2848,0.0,0.375
2849,0.0,0.125
2850,0.125,1.0
2851,0.0,2.0
2852,0.5,0.875
2853,0.25,0.0
2854,0.0,0
2855,0.0,0.0
2856,0.0,0.125
2857,0.0,0
2858,0.0,0.0
2859,0.0,0.125
2860,0,0.0
2861,0.0,0.0
2862,0.375,0.375
2863,0.0,0.125
2864,0.125,1.0
2865,0.0,0.0
2866,0.0,0.0
2867,0.0,0.0
2868,0.0,0.125
2869,0.0,0.0
2870,0.75,0.125
2871,0.0,0.0
2872,0.0,0.0
2873,0.0,0.0
2874,0.625,0.25
2875,0.0,0.0
2876,0.0,0.0
2877,0.0,0.0
2878,0.0,0.0
2879,0.0,0.125
2880,0.0,0.0
2881,0.0,0.0
2882,0.0,0.0
2883,1.875,0.25
2884,0.0,0.125
2885,0.5,1.75
2886,0.0,2.0
2887,0.0,0.0
2888,0.875,0.0
2889,0.0,0.0
2890,0.0,0.0
2891,0.0,0.125
2892,0.25,0.25
2893,0.5,0.625
2894,0.0,0.0
2895,0.0,0.25
2896,0.375,2.125
2897,0.0,0.0
2898,0.625,0.25
2899,0.0,0.0
2900,0.0,0.0
2901,0.0,0.0
2902,0,0.125
2903,0,0
2904,0.0,2.0
2905,0.5,0.625
2906,0.0,0.0
2907,0.0,0.0
2908,0.0,0.125
2909,0.0,0.25
2910,0.0,0.125
2911,0.0,0.125
2912,0.0,0.125
2913,0.0,0.125
2914,0,0.375
2915,0.0,0.125
2916,0.0,0.0
2917,0.0,2.0
2918,0.0,0
2919,0.0,0.0
2920,0.0,0.0
2921,0.0,0.0
2922,0.0,0.125
2923,0.0,0.125
2924,0.0,0.125
2925,0.0,0.0
2926,0.0,0.875
2927,0.75,0.0
2928,0.0,0.125
2929,0.0,0.0
2930,0.0,0.0
2931,0.5,0.25
2932,0.375,0.875
2933,0.375,0.375
2934,0.0,0.75
2935,0.0,0.0
2936,0.25,0.625
2937,0.0,0.125
2938,0.0,0.125
2939,0.0,1.0
2940,0.0,0.0
2941,0.5,0.25
2942,0.0,2.0
2943,0.0,0.125
2944,0.0,0.0
2945,0.125,0.0
2946,0.125,0.0
2947,0.625,0.0
2948,0.0,0.0
2949,0.0,2.0
2950,0.625,1.5
2951,0.25,0.0
2952,0.0,0.0
2953,0.125,0.0
2954,0.0,1.125
2955,0.0,0.0
2956,0.0,0.0
2957,0.0,0.125
2958,0.0,0.125
2959,0.0,2.0
2960,0.5,0.0
2961,0.0,0.0
2962,0.25,0
2963,0.0,0.0
2964,0.0,0.0
2965,0.0,0.125
2966,0.25,0.5
2967,0.0,0.125
2968,0.75,0.125
2969,0.0,0.75
2970,1.0,0.25
2971,0.625,1.5
2972,0.0,0.0
2973,0.0,0.125
2974,0.5,0.125
2975,0.0,0.0
2976,0.0,0.375
2977,0.0,0.125
2978,0.875,0.5
2979,0.5,0.625
2980,0.0,0.0
2981,0.0,0.125
2982,0.25,0.375
2983,1.0,0.375
2984,0.5,0.25
2985,0,0.0
2986,0.0,0.0
2987,0.0,0.0
2988,0.0,0.75
2989,0.25,0.0
2990,0.0,0.25
2991,0.0,0.125
2992,0.25,0.125
2993,0.0,0.25
2994,0.0,0.0
2995,0.0,0.125
2996,0,0.125
2997,0.0,0.125
2998,0.875,0.375
2999,0.0,0.875
3000,0.0,0.25
3001,0.0,2.0
3002,0.0,0.625
3003,0.125,0.0
3004,0.625,0.25
3005,0.0,0.125
3006,0.875,0.0
3007,0.0,0.0
3008,0.375,0.875
3009,0.0,2.0
3010,0,0.0
3011,0.0,0.875
3012,0,0.25
3013,0.0,0.375
3014,0.0,0.625
3015,0.25,0.75
3016,0.0,0.0
3017,0.0,0.0
3018,0.0,0.5
3019,0.875,0.25
3020,0.0,0.125
3021,0.0,0.625
3022,0.0,0.875
3023,0.125,1.375
3024,0.0,0.0
3025,0.0,0.25
3026,0.0,0.75
3027,0.0,0.75
3028,0.0,0.125
3029,0.0,0.25
3030,0.0,0.0
3031,0.375,0.5
3032,0.0,0.125
3033,0.125,0.5
3034,0.0,1.0
3035,0.75,0.125
3036,0,0.125
3037,0.375,0.0
3038,0.0,0.25
3039,0.0,0.125
3040,0.0,1.0
3041,0.0,0.0
3042,0.0,0.875
3043,0.75,0.5
3044,0.0,0.0
3045,0,0
3046,0.0,0.0
3047,0.0,0.0
3048,0.0,0.0
3049,0.0,0.0
3050,0.125,1.25
3051,0.0,1.125
3052,0.0,2.0
3053,0.0,0.75
3054,0.0,0.5
3055,0.125,0.0
3056,0.0,0.0
3057,0.625,0.0
3058,0.0,0.5
3059,0.0,0.125
3060,0.75,0.25
3061,0.0,0.125
3062,0.125,1.375
3063,0.625,1.0
3064,0.25,0.375
3065,0.5,0.125
3066,0.0,0.0
3067,0.0,0.0
3068,0.5,0.0
3069,0.125,0.5
3070,0.0,0.0
3071,0.25,0.0
3072,0.625,0.25
3073,0.0,0.0
3074,0.0,0.375
3075,0.0,0.625
3076,0.0,0.0
3077,0.75,0.0
3078,0.0,0.0
3079,0.0,0.75
3080,0.0,0.375
3081,0.0,0.5
3082,0.125,0.0
3083,0.125,0.75
3084,0.25,0.25
3085,0.0,0.125
3086,0.125,0.875
3087,0.625,1.125
3088,0.0,0
3089,0.0,0.0
3090,0.0,0
3091,0.0,0.0
3092,0.5,0.875
3093,0,0
3094,0.0,2.0
3095,0.0,0.625
3096,0.0,0.0
3097,0.0,0.0
3098,0.0,0.25
3099,0.0,0.125
3100,0.125,0.125
3101,0.25,0.0
3102,0.375,0.25
3103,0.125,0.875
3104,0.625,0.0
3105,0.125,0.625
3106,0.0,0.75
3107,0.0,0.125
3108,0.25,0.0
3109,0.125,0.0
3110,0.375,0.125
3111,0.0,0.125
3112,0.0,1.375
3113,0.625,0.625
3114,1.375,0.0
3115,0.0,0.75
3116,0.0,0.0
3117,0.0,0.0
3118,0.0,0.0
3119,0.875,0.125
3120,0.125,0.25
3121,0.0,0.75
3122,0.0,0.0
3123,0,0.25
3124,0.0,0.375
3125,0.0,0.5
3126,0.0,0.125
3127,0.0,0.125
3128,0.0,0.75
3129,0.0,0.0
3130,0.625,0.0
3131,0.0,1.0
3132,0.0,0.0
3133,0.0,0.0
3134,0.5,0.0
3135,0.0,0.875
3136,0.0,0.0
3137,0.125,0.0
3138,1.0,0.0
3139,0.0,0.0
3140,0,0.75
3141,0.0,0.0
3142,0.0,0.0
3143,0.0,0.0
3144,0.0,0.75
3145,0.0,0.0
3146,0.0,0.75
3147,0.25,1.0
3148,0.0,0.0
3149,1.0,0.375
3150,0.0,0.25
3151,0.0,0.375
3152,0,0
3153,0.0,0.0
3154,1.5,0.875
3155,0.0,0.0
3156,0.0,0.125
3157,0.0,0.75
3158,0.0,0.0
3159,0.375,1.125
3160,0.0,0.0
3161,0,0
3162,0.0,0
3163,0.625,0.0
3164,1.375,0.0
3165,0.625,1.25
3166,0.125,1.625
3167,0.25,0.625
3168,0.0,0.0
3169,0.0,0.125
3170,0,0
3171,1.0,0.125
3172,0.25,0.125
3173,0.625,0.0
3174,0.0,0.0
3175,0.375,0.125
3176,0.0,0.0
3177,0.0,0.0
3178,1.0,0.125
3179,0,0
3180,0.125,0.5
3181,0.0,0.625
3182,0.0,0.25
3183,0.25,0.25
3184,0.0,0.75
3185,0.0,0.25
3186,0.0,0.0
3187,0.0,2.0
3188,0.375,1.125
3189,0.0,0.75
3190,0.125,1.375
3191,0.0,0.125
3192,0.5,0.0
3193,0.0,0.0
3194,0.0,0.75
3195,0.25,0.625
3196,0.0,0.0
3197,0.0,0.125
3198,0.125,1.375
3199,0.0,0.0
3200,0.0,0.125
3201,0.0,0.0
3202,0.625,0.875
3203,0.0,0.0
3204,0.0,0.0
3205,0.0,0.25
3206,0.0,0.5
3207,0.0,0.0
3208,0.375,0.875
3209,0.0,0.0
3210,0.0,0.75
3211,0.125,1.125
3212,0.0,0.0
3213,0.0,0.0
3214,0.0,0.125
3215,0.125,0.0
3216,0.0,0.0
3217,0.0,0.5
3218,0.0,0.75
3219,0.875,0.5
3220,0.0,0.375
3221,0.125,0.0
3222,0.0,0.0
3223,0.25,0.0
3224,0.875,0.5
3225,0.0,1.25
3226,0.25,0.25
3227,0.0,0.75
3228,0,0
3229,0.0,0.0
3230,0.625,0.125
3231,0.125,0.125
3232,0.375,0.0
3233,0.0,1.0
3234,0.0,0.0
3235,0.125,0.0
3236,0.25,0.0
3237,0.0,0.375
3238,0.0,0.0
3239,0.0,0.0
3240,0.0,0.0
3241,0.0,0.0
3242,0.0,0
3243,0,0.0
3244,0.0,0.25
3245,0.0,0.0
3246,0.0,0.0
3247,0.0,0.0
3248,0.0,0.125
3249,0.0,0.5
3250,0.0,0.0
3251,0.125,0.0
3252,0.375,0.0
3253,0.0,0.375
3254,0.0,0.0
3255,0.0,1.25
3256,0.0,0.375
3257,0.0,0.0
3258,0.0,0.375
3259,0,0
3260,0.25,0.625
3261,0.0,1.25
3262,0.25,0.375
3263,0.125,0.0
3264,0.0,0.0
3265,0.0,0.375
3266,0,0
3267,0,0
3268,0.0,0.0
3269,0.0,1.875
3270,0.25,0.375
3271,0.625,0.0
3272,0.5,0.0
3273,2.375,0.5
3274,0.0,0.25
3275,0.0,0.875
3276,0.0,0.0
3277,0.0,0.0
3278,0.125,1.375
3279,0.0,0.0
3280,0.25,0.0
3281,0.125,1.375
3282,0.0,0.5
3283,0.25,1.125
3284,0.0,0.25
3285,0.0,0.125
3286,0.5,0.0
3287,0.0,0.0
3288,0.75,0.5
3289,0.0,0.25
3290,0,0.125
3291,1.0,0.0
3292,0.0,0.0
3293,0.0,0.25
3294,0.25,0.375
3295,0.0,0.0
3296,0.0,0.0
3297,0.0,0.0
3298,0.0,0.25
3299,0.0,0.75
3300,0.0,0.375
3301,0.0,0.25
3302,0.125,0.0
3303,0.0,0.0
3304,1.625,0.5
3305,1.0,0.25
3306,0.125,1.125
3307,1.125,0.625
3308,0.0,0.125
3309,0.0,0.5
3310,0.0,0.375
3311,0.0,0.125
3312,0.0,0.0
3313,0.75,0.25
3314,0.625,0.0
3315,0.25,0.0
3316,0.875,0.125
3317,0.5,0.625
3318,0.0,0.0
3319,0,0.25
3320,0.0,0.0
3321,0.0,0.375
3322,0.0,0.0
3323,0.0,0.75
3324,0.375,0.0
3325,0,0
3326,0.0,0.0
3327,0.0,0.75
3328,0.0,0.125
3329,0.0,0.875
3330,0.0,0.125
3331,0,0.0
3332,0.0,0.375
3333,0.5,0.0
3334,0.0,0.75
3335,0.125,0
3336,0.0,0.25
3337,0.0,0.25
3338,0.0,0.625
3339,0.0,0.375
3340,0.0,0.75
3341,0.875,0.0
3342,0.75,0.875
3343,0,0.25
3344,0.0,0.0
3345,0.0,0.875
3346,0.0,0.25
3347,0.625,0.0
3348,0.75,0.875
3349,0.0,0.375
3350,0.0,0.625
3351,0.0,0.25
3352,0.125,0.75
3353,0.0,0.0
3354,0.0,0.125
3355,0.625,0.0
3356,0.0,0.0
3357,0.0,0.0
3358,0.0,0.0
3359,0.0,0.125
3360,0.25,0.0
3361,0.75,0.25
3362,0.0,0.625
3363,0.125,0.75
3364,0.0,0.25
3365,0.0,0.125
3366,0.125,0.75
3367,0.625,1.0
3368,0.125,0.75
3369,0.0,0.0
3370,0.125,0.75
3371,0.0,0.125
3372,0.0,0.0
3373,0.0,0.0
3374,0.0,0.75
3375,0.125,0.75
3376,0.125,0.75
3377,0.0,2.0
3378,0.125,0.75
3379,0.125,0.75
3380,0.25,0.25
3381,0.0,0.125
3382,0.0,0.625
3383,0.125,0.75
3384,0.125,1.375
3385,0.125,0.75
3386,0.125,0.75
3387,0.125,0.75
3388,0.0,0.0
3389,0.75,0.5
3390,0.0,0.25
3391,0.0,0.375
3392,0.0,0.75
3393,0.25,0.25
3394,0.25,0.25
3395,0.0,0.375
3396,0.125,0.75
3397,0.125,0.75
3398,0.0,0.375
3399,0.625,0.0
3400,0.0,0.0
3401,0.125,0.75
3402,0.75,0.125
3403,0.125,0.75
3404,0.125,0.75
3405,0.0,0.125
3406,0.125,0.75
3407,0.125,0.75
3408,0.125,0.75
3409,0.125,0.75
3410,0.125,0.75
3411,0.125,0.75
3412,0.125,0.75
3413,0.125,0.75
3414,0.0,0.375
3415,0.125,0.75
3416,0.125,0.75
3417,0.125,0.75
3418,0.0,0
3419,0.125,0.0
3420,0.125,0.75
3421,0.25,0.375
3422,0.0,0.125
3423,0.0,0.25
3424,0.25,0.0
3425,0.0,0.0
3426,0.0,0.125
3427,0.125,0.75
3428,0.0,0.125
3429,0.125,0.75
3430,0.0,0.25
3431,0.125,0.75
3432,0.125,0.75
3433,0.0,0.75
3434,0.125,0.75
3435,0.0,0.125
3436,0.0,1.125
3437,0.0,0.125
3438,0.0,0.125
3439,0.0,0.25
3440,0.0,0
3441,0.0,0.125
3442,0.25,0.125
3443,0.0,0.25
3444,0.5,0.25
3445,0.125,0.25
3446,0.125,0.75
3447,0.125,0.0
3448,0.0,2.0
3449,0.0,0.125
3450,0.0,0.125
3451,0.0,0.625
3452,0,0.75
3453,0.0,0.375
3454,0.0,0.125
3455,0.0,0.25
3456,0.375,0.25
3457,0.0,1.0
3458,0.0,0.125
3459,0.875,0.125
3460,0.0,0.0
3461,0.0,0.125
3462,0.125,0.0
3463,0.0,0.125
3464,0.0,0.0
3465,0.0,0.0
3466,0.0,0.0
3467,0.0,0.0
3468,0.0,0.0
3469,0.0,0.0
3470,0.0,0.0
3471,0.125,0.75
3472,0.125,0.0
3473,0.0,0.125
3474,0.125,0.75
3475,0.125,0.75
3476,0.0,0.125
3477,0.0,0.375
3478,0.0,0.125
3479,0.0,0.125
3480,0.0,0.5
3481,0.0,1.0
3482,0.0,0.125
3483,0.25,0.625
3484,0.0,0.0
3485,0.0,0.75
3486,0.125,0.75
3487,0.125,0.75
3488,0.125,0.75
3489,0.0,0
3490,0.125,0.75
3491,0.125,0.75
3492,0.125,0.75
3493,0.0,0.0
3494,0.0,0.375
3495,0.0,0.0
3496,0.0,0.375
3497,0,0.0
3498,0,0
3499,0,0.0
3500,0.125,0.75
3501,0.125,0.75
3502,0.125,0.875
3503,0.125,0.75
3504,0.25,0.125
3505,0,0.0
3506,0.0,0.125
3507,0.0,0.0
3508,0.125,0.75
3509,0,0.0
3510,0.0,0.25
3511,0.0,0.375
3512,0.0,0.125
3513,0.0,0.0
3514,0.125,0.75
3515,0.0,0.0
3516,0,0.0
3517,0.0,1.125
3518,0.0,0.25
3519,0.0,0.0
3520,0.375,0.0
3521,0.125,0.75
3522,0.0,1.125
3523,0.0,0.375
3524,0.0,0.625
3525,0.0,0.25
3526,0.0,0.125
3527,0,0.0
3528,0.0,0.125
3529,0.125,0.75
3530,0.375,0.0
3531,0.0,0.0
3532,0.0,1.0
3533,0.875,0.25
3534,0.0,0.0
3535,0.125,0.75
3536,0.0,1.125
3537,0.125,0.75
3538,0.0,1.0
3539,0.0,0.375
3540,0.0,0.0
3541,0.125,0.375
3542,0.625,0.0
3543,0,0
3544,0.0,0.0
3545,0.0,0.375
3546,0.0,0.875
3547,0.0,0.0
3548,0.0,0
3549,1.5,0.5
3550,0.125,0.75
3551,0.5,0.25
3552,0.0,1.25
3553,0.0,0.0
3554,0.0,0.375
3555,0.0,0.375
3556,0.0,0.5
3557,0.0,1.0
3558,0.0,0.125
3559,0.75,0.125
3560,0.125,0.375
3561,0.0,0.375
3562,0.0,0.0
3563,0.0,0
3564,0.0,0.0
3565,0.0,0.375
3566,0.0,0.375
3567,0.0,0.0
3568,0.0,0.0
3569,0.0,0.0
3570,0.0,0.0
3571,0.0,0.125
3572,0.0,0.0
3573,0.75,0.125
3574,0.125,0.75
3575,0.625,0.0
3576,0.0,0.375
3577,0.125,0.75
3578,0.5,0.0
3579,0.0,0.875
3580,0.0,0.375
3581,0.5,0.0
3582,0.0,0.375
3583,0.75,0.5
3584,0.25,0.0
3585,0.0,1.25
3586,0.0,0.125
3587,0.0,0.125
3588,0.875,2.375
3589,0.0,0.375
3590,0.125,0.375
3591,0.0,0.0
3592,0.5,0.5
3593,0.625,0.0
3594,0.0,0.375
3595,0.0,0.375
3596,0.0,0.0
3597,0.0,0.0
3598,0.0,0.375
3599,0.125,0.25
3600,0.625,0.25
3601,0.0,0.375
3602,0.125,0.75
3603,0.0,0.375
3604,0.0,0.375
3605,0.125,0.75
3606,0.0,0.875
3607,0.25,0.875
3608,0.0,0.0
3609,0,0.75
3610,0.0,0.0
3611,0.0,0.125
3612,0.0,0.375
3613,0,0.75
3614,0,0.0
3615,0.0,0.375
3616,0.5,0.625
3617,0.0,0.625
3618,0.0,0.0
3619,0.0,0.125
3620,0.0,0.75
3621,0.0,0.375
3622,0.25,0.625
3623,0.125,0.75
3624,0.125,0.75
3625,0.0,1.5
3626,0.0,1.25
3627,0.625,0.0
3628,0.0,0.375
3629,0,0.75
3630,0.0,0.125
3631,0.0,0.875
3632,0.0,0.125
3633,0.125,0.75
3634,0.125,0.75
3635,0.0,0.125
3636,0.0,0.0
3637,0.25,0.0
3638,0.0,1.25
3639,0.125,0.25
3640,0.0,0.125
3641,0.25,0.0
3642,0.0,0.75
3643,0.375,0.25
3644,0.0,0.75
3645,0.125,0.75
3646,0,0
3647,0.0,0.125
3648,0.0,0.125
3649,0.625,0.0
3650,0.0,0.375
3651,0.5,0.0
3652,0,0
3653,0.625,0.75
3654,0.25,0.25
3655,0.25,0.875
3656,0.75,1.125
3657,0.0,0.125
3658,0.0,0.0
3659,0.0,0.125
3660,0.0,0.125
3661,0.0,0.75
3662,0.0,0.0
3663,0.75,1.375
3664,0.0,0.375
3665,0.0,0.375
3666,0.0,1.5
3667,0.0,1.5
3668,0.125,0.625
3669,0.0,0.0
3670,0.0,0.25
3671,0.125,0.75
3672,0.125,0.75
3673,0.0,0.375
3674,0.0,0.125
3675,0.125,0.125
3676,0.625,0.125
3677,0.0,0.0
3678,0.0,0.0
3679,0,0.0
3680,0.0,1.5
3681,0.0,0.5
3682,0.0,0.0
3683,0.0,0.375
3684,0.0,0.5
3685,0.625,0.0
3686,0.0,0.25
3687,0.0,0.75
3688,0.0,0.125
3689,0.0,0.0
3690,0.875,0.375
3691,0.0,0.375
3692,0.125,0.75
3693,0,0.75
3694,0.25,0.5
3695,0.0,0.0
3696,0.0,0.0
3697,0.0,0.0
3698,0.0,0.75
3699,0.125,0.75
3700,0.0,0.375
3701,0,0.0
3702,0.5,0.375
3703,0.0,0.375
3704,0.0,0.0
3705,0.0,0.0
3706,0.375,0.25
3707,0.25,0.0
3708,0.0,0.375
3709,0.0,0.375
3710,0.0,0.375
3711,0.625,0.125
3712,0.25,0.0
3713,0.25,0.125
3714,0.75,0.375
3715,0.0,0.0
3716,0.0,0.375
3717,0.0,0.375
3718,0.0,0.0
3719,0.75,0.375
3720,0.0,0.25
3721,0.0,0.0
3722,0.25,0.25
3723,0.0,0.375
3724,0.125,0.75
3725,0.0,0.375
3726,0.0,0.75
3727,0.0,0.0
3728,0.0,0.25
3729,0.25,0.5
3730,0.0,0.375
3731,0.75,0.0
3732,0.125,0.75
3733,0.0,0.0
3734,0.0,0.375
3735,0.0,0.0
3736,0.0,1.0
3737,0.0,0.75
3738,0.25,0.5
3739,0.25,0.25
3740,0.0,0.0
3741,1.0,0.5
3742,0.25,0.5
3743,0.0,0.5
3744,0.0,0.25
3745,0.0,0.0
3746,0.0,0.0
3747,0.0,0.75
3748,0,1.25
3749,0,0.0
3750,0.0,0.0
3751,0.0,0.0
3752,0.0,0.0
3753,0.0,0.0
3754,0.0,0.0
3755,0.0,0.0
3756,0.0,0.0
3757,0.0,0.0
3758,0.0,0.125
3759,0.25,0.5
3760,0.125,1.375
3761,0.25,0.5
3762,0.0,0.0
3763,0,0.375
3764,0.0,0.0
3765,0.0,0.125
3766,0.625,0.75
3767,0.875,0.125
3768,0.625,0.0
3769,0.0,0.0
3770,0.0,0.0
3771,0.375,0.125
3772,0.125,0.75
3773,0.125,0.0
3774,0.0,0.0
3775,0.0,0.0
3776,0.125,1.375
3777,0.125,0.75
3778,0.0,0.125
3779,0.375,0.625
3780,0.0,0.375
3781,0.0,0.0
3782,0.125,0.75
3783,0.0,0.375
3784,0.25,0.5
3785,0.0,0.375
3786,0.0,0.0
3787,0.625,0.75
3788,0.0,0.375
3789,0.0,0.0
3790,0.0,0.0
3791,0.25,0.5
3792,0.0,0.0
3793,0.125,0.25
3794,0.25,0.375
3795,0.875,0.25
3796,0.125,1.375
3797,0.0,0.125
3798,0.0,0.375
3799,0.0,0.5
3800,0.0,0.375
3801,0.0,0.25
3802,0.0,0.25
3803,0.0,0.0
3804,0.25,0.25
3805,0.5,0.625
3806,0.0,0.125
3807,0.0,0.0
3808,0.75,0.375
3809,0.125,0.75
3810,1.0,0.375
3811,0.125,1.375
3812,0.125,0.0
3813,0.5,0.375
3814,0.0,0.375
3815,0.0,0.875
3816,0.0,0.375
3817,0.0,0.25
3818,0.0,0.375
3819,0.0,0.25
3820,0.125,0.375
3821,1.375,0.875
3822,0.0,0
3823,0.125,0.0
3824,0.0,0.0
3825,0.0,0.5
3826,0.0,0.5
3827,0.125,0.75
3828,0.0,0.5
3829,0.0,0.5
3830,0.75,0.25
3831,0.0,0.5
3832,0.0,0.0
3833,0.0,0.0
3834,0.75,0.5
3835,0.0,0.0
3836,0.0,0.0
3837,0,0.75
3838,0.0,0.0
3839,0.25,0.5
3840,0.0,0.5
3841,0.0,0.125
3842,0.125,0.5
3843,0.0,2.0
3844,0.0,0.125
3845,0.0,0.5
3846,0.25,0.0
3847,0.0,0.375
3848,0.0,0.375
3849,0.25,0.375
3850,0.125,0.0
3851,0.0,0.0
3852,0.0,0.5
3853,0.0,0.5
3854,0.0,0.5
3855,0.0,0.5
3856,0.25,1.25
3857,0.0,0.0
3858,0.0,0.5
3859,0.0,1.625
3860,0.0,0.625
3861,0.0,0.5
3862,0.0,0.0
3863,0.0,0.5
3864,0.0,0.5
3865,0.375,0.0
3866,0.0,0.5
3867,0.0,0.5
3868,0.0,1.625
3869,0.0,0.5
3870,0.0,0.5
3871,0.0,0.625
3872,0.25,0.5
3873,0.125,0.0
3874,0.5,0.0
3875,0.0,0.125
3876,0.125,0.75
3877,0.0,0.5
3878,0.0,0.25
3879,0.0,0.125
3880,0.0,0.0
3881,0,0.0
3882,0.0,0.375
3883,0.0,0.0
3884,0.0,0.125
3885,0.0,0.5
3886,0.0,0.75
3887,0.0,0.375
3888,0.0,1.25
3889,0.0,0.5
3890,0.0,0.0
3891,0.375,0.625
3892,0.0,0.375
3893,0.0,0.5
3894,0.0,0
3895,0.0,0.5
3896,0.0,0.0
3897,0.0,0.0
3898,0.0,0.5
3899,0.125,0.0
3900,0,0.125
3901,0.375,1.875
3902,0.0,0.75
3903,0.0,0.5
3904,0.0,0.5
3905,0.0,0.0
3906,0.0,0.375
3907,0.0,0.5
3908,0.0,0.5
3909,0.0,1.5
3910,0.0,0.125
3911,0.25,0.0
3912,0.0,0.0
3913,0.0,0.0
3914,0,0.25
3915,0.0,0.125
3916,0.0,0.0
3917,1.0,0.25
3918,0.0,0.0
3919,0.0,0.0
3920,0.0,0.5
3921,0.0,0.5
3922,0.0,0.5
3923,0.0,0.5
3924,0.125,0.75
3925,0.0,0.25
3926,0.25,0.625
3927,0.125,0.25
3928,0.0,0.125
3929,0.0,0.25
3930,0.0,0.0
3931,0,1.375
3932,0.0,0.0
3933,0.0,0.0
3934,0.0,0.375
3935,0.5,0
3936,0.0,0.0
3937,0.0,0.0
3938,0.0,0.0
3939,0.0,0
3940,0.0,0.75
3941,0.0,0.5
3942,0.875,0.125
3943,0.25,0.0
3944,0.0,0.0
3945,0.5,0
3946,0.5,0
3947,0.0,0.75
3948,0.0,0.5
3949,0.5,0.25
3950,0.0,0.25
3951,0.0,0.125
3952,0.25,1.125
3953,0.125,0.0
3954,0.0,0.125
3955,0.0,0.25
3956,0.0,0.5
3957,0.0,0.5
3958,0.125,1.375
3959,0.0,0.0
3960,0.0,0.0
3961,0.0,0.375
3962,0.0,0.75
3963,0.0,0.125
3964,0.0,0.25
3965,0.0,0.375
3966,0.0,0.375
3967,0.125,1.375
3968,0.0,0.0
3969,0.0,0.0
3970,0.0,0.5
3971,0.0,0.5
3972,0.0,0.5
3973,0,0
3974,0.0,0.0
3975,0.0,0.125
3976,0.0,0.25
3977,0.0,0.375
3978,0,0
3979,0.0,0.0
3980,1.0,0.25
3981,0.5,0.0
3982,0.0,0.75
3983,0.375,0.625
3984,0.0,0.375
3985,0.0,0.5
3986,0.5,0.0
3987,0.0,0.0
3988,0.0,0.0
3989,0.75,0.5
3990,0.0,0.25
3991,0.0,0.375
3992,0.0,0.375
3993,0.0,0.5
3994,0.0,0.0
3995,0.0,0.0
3996,0.25,0.25
3997,0,0
3998,0.0,0.0
3999,0.0,0.0
4000,0.875,0.5
4001,0.0,0.0
4002,0.0,0.0
4003,0.0,0.75
4004,0.0,0.0
4005,0.0,0.5
4006,0.375,0.0
4007,0.0,0.0
4008,0.0,0.5
4009,0.0,0.125
4010,0.0,0.0
4011,0.125,1.375
4012,0.0,0.375
4013,0.25,0.375
4014,0.25,0.5
4015,0.0,0.5
4016,0.0,0.0
4017,0.0,0.375
4018,0.0,0.0
4019,0.0,0.375
4020,0.125,0.25
4021,0.0,0.125
4022,0.0,0.25
4023,0.0,0.25
4024,0,0.0
4025,0.0,1.0
4026,0.0,0.0
4027,0.0,0.0
4028,0.0,0.0
4029,0.0,0.0
4030,0.0,0.0
4031,0.0,0.0
4032,0.0,0.0
4033,0.0,0.0
4034,0.25,0.0
4035,0.0,0.375
4036,0.375,0.0
4037,0.0,0.375
4038,0.0,0.0
4039,0.0,0.125
4040,0.0,0.5
4041,0.125,0.25
4042,0.0,0.0
4043,0.125,0.25
4044,0.125,0.75
4045,0.0,0.0
4046,0.375,0.625
4047,0.0,1.5
4048,0.0,0.0
4049,0.875,0.5
4050,0.0,0.625
4051,0.0,0.375
4052,0.0,0.375
4053,0.0,0.375
4054,0.125,0.75
4055,0.0,0.0
4056,0.0,0.25
4057,0.0,0.0
4058,0.5,1.0
4059,0.0,0.5
4060,0,0.75
4061,0.0,0.5
4062,0.0,0.0
4063,0.0,0.0
4064,0.125,0.75
4065,0.0,0.5
4066,0.625,0.375
4067,0.125,0.75
4068,0.0,0.0
4069,0.0,0.625
4070,0.25,0.75
4071,0.125,0.25
4072,0.0,0.5
4073,0.0,0.375
4074,0.0,0.125
4075,0.0,0.375
4076,0.0,0.5
4077,0.0,0.875
4078,0.125,0.75
4079,0.0,0.5
4080,1.0,0.25
4081,0.0,0.375
4082,0.0,0.5
4083,0.25,0.5
4084,0.0,0.5
4085,0.0,0.5
4086,0.375,0.5
4087,0.0,0.75
4088,0.0,0.0
4089,0.25,0.5
4090,0.5,0.0
4091,0.0,0.375
4092,0.0,0.375
4093,0.0,0.0
4094,1.0,0.25
4095,0.0,0.375
4096,0.25,0.0
4097,0.125,1.125
4098,0.0,0.25
4099,0.0,0.5
4100,0.0,0.5
4101,0.0,2.0
4102,0.75,0.5
4103,0.0,0.125
4104,0.625,0.75
4105,0.0,0.5
4106,0.0,0.375
4107,0.125,1.375
4108,0.0,0.5
4109,0.0,0.375
4110,0.0,0.375
4111,0.0,0.375
4112,0.0,0.375
4113,0.0,0.5
4114,0.0,0.375
4115,0.0,0.375
4116,0,0.75
4117,0.0,0.375
4118,0.0,0.375
4119,0.0,0.5
4120,0.0,0.375
4121,0.5,0.0
4122,0.0,0.0
4123,0.5,0.625
4124,0,0.75
4125,0.0,0.375
4126,1.0,0.25
4127,0.0,0.125
4128,0.0,0.25
4129,0.0,0.5
4130,0,0.375
4131,0.0,0.375
4132,0.125,0.75
4133,0.0,0.75
4134,0.0,0.75
4135,0.625,0.0
4136,0.0,2.0
4137,0,0.75
4138,0.0,0.5
4139,0.125,0.0
4140,0.0,0.5
4141,0.0,0.5
4142,0.0,0.5
4143,0.125,0.375
4144,0.0,0.5
4145,0.125,0.75
4146,0.0,0.0
4147,0.0,0.375
4148,0.0,0.625
4149,0.0,0.5
4150,0.25,0.625
4151,0.0,0.0
4152,0.0,0.0
4153,0.0,0.125
4154,0.0,0.0
4155,0.0,0.25
4156,0.0,0.0
4157,0.0,0.0
4158,0.0,0.375
4159,0.0,0.5
4160,0,0.0
4161,0.0,0.5
4162,1.0,0.125
4163,1.0,0.125
4164,1.0,0.125
4165,0.0,0.5
4166,1.0,0.125
4167,1.0,0.125
4168,0.0,0.0
4169,1.0,0.125
4170,1.0,0.125
4171,1.0,0.125
4172,0.125,1.125
4173,1.625,0.0
4174,1.0,0.125
4175,0.125,0.0
4176,1.0,0.125
4177,1.0,0.125
4178,0.25,0.125
4179,0.0,0.25
4180,1.0,0.125
4181,1.0,0.125
4182,1.0,0.125
4183,0.0,0.25
4184,0.0,0.375
4185,1.0,0.125
4186,0.0,0.25
4187,1.0,0.125
4188,1.0,0.125
4189,1.0,0.125
4190,1.0,0.125
4191,0.375,0.75
4192,0.0,0.0
4193,0.0,0.5
4194,0.0,0.0
4195,0.0,0.375
4196,0.0,1.0
4197,0.0,0.375
4198,0.25,0.5
4199,0.5,1.0
4200,0.0,0.5
4201,0.0,0.25
4202,0.0,0.0
4203,0.875,0.0
4204,0.0,0.125
4205,0.0,0.0
4206,0.0,0.0
4207,0.0,0.0
4208,0.0,0.0
4209,0.0,0.0
4210,0.0,0.375
4211,1.0,0.125
4212,1.0,0.125
4213,1.0,0.125
4214,1.0,0.125
4215,1.0,0.125
4216,0.0,0.5
4217,1.0,0.125
4218,1.0,0.125
4219,1.0,0.125
4220,1.0,0.125
4221,1.0,0.125
4222,1.0,0.125
4223,1.0,0.125
4224,0,0.0
4225,1.0,0.125
4226,0.25,0.5
4227,1.0,0.125
4228,1.0,0.125
4229,1.0,0.125
4230,1.0,0.125
4231,1.0,0.125
4232,0.0,0.125
4233,1.0,0.125
4234,1.0,0.125
4235,0.0,0.75
4236,1.0,0.125
4237,1.0,0.125
4238,1.0,0.125
4239,0.0,0.5
4240,1.0,0.125
4241,1.0,0.125
4242,1.0,0.125
4243,1.0,0.125
4244,1.0,0.125
4245,0.0,0.0
4246,1.125,0.125
4247,0.0,0.125
4248,1.0,0.25
4249,1.0,0.125
4250,0.0,0.0
4251,0.0,0.5
4252,0.0,0.5
4253,0.875,0.125
4254,0.25,1.375
4255,0.0,0.375
4256,0.0,0.5
4257,0.0,0.5
4258,0.0,0.0
4259,1.0,0.125
4260,0.0,0.125
4261,0,0.75
4262,0.0,0.0
4263,0.0,0.5
4264,0.0,0.5
4265,0.0,0.625
4266,0.0,0.25
4267,0.0,0.5
4268,0.0,0.0
4269,0.0,0.25
4270,0.0,0.5
4271,0.0,0.25
4272,0.875,0.5
4273,0.0,0.25
4274,0.125,0.25
4275,0.125,0.75
4276,0.0,0.625
4277,0.0,0.5
4278,0.0,0.5
4279,0.0,0.0
4280,0.0,0.0
4281,0.0,0.5
4282,0.25,0.5
4283,0.0,0.0
4284,0.0,0.125
4285,0.5,0.375
4286,0.0,0.5
4287,0.0,0
4288,0.0,0.375
4289,1.0,0.25
4290,0.0,0.5
4291,0.0,2.0
4292,0.0,0.5
4293,0.0,0.375
4294,0.0,1.5
4295,0.0,0.125
4296,0.0,0.5
4297,0.0,0.5
4298,0.0,0.5
4299,0.0,0.5
4300,0.0,0.25
4301,0.0,0.5
4302,0.25,0.0
4303,0.0,0.0
4304,0.0,0.125
4305,0.0,0.5
4306,0.0,0.125
4307,0.625,0.0
4308,0.0,0.5
4309,0.0,0.5
4310,0.0,0.5
4311,0.0,0.5
4312,0.0,0.0
4313,0.0,0.5
4314,0,0.25
4315,0.5,1.375
4316,0.5,0.125
4317,0.375,0.125
4318,0.0,0.375
4319,0.0,0.5
4320,0.0,0.5
4321,0.125,0.125
4322,0.0,1.0
4323,0.0,0.0
4324,0.0,0.0
4325,0.0,1.0
4326,0.25,0.75
4327,0.0,0.0
4328,0.0,0.0
4329,0.0,0.5
4330,0.0,0.5
4331,0.0,0.5
4332,0.75,1.375
4333,0.375,0.0
4334,0,1.0
4335,1.0,0.25
4336,0.0,0.5
4337,0.0,0.0
4338,0.0,0.625
4339,0.0,0.125
4340,0.0,0.0
4341,0.0,0.5
4342,0.0,0.5
4343,0.375,0.125
4344,0.375,0.75
4345,0.0,0.0
4346,0.5,1.0
4347,0.0,0.5
4348,1.0,0.125
4349,0.0,0.375
4350,0.0,0.375
4351,0.0,0.5
4352,0.25,0.75
4353,0.0,0.5
4354,0.0,0.0
4355,0,0
4356,0.0,0.5
4357,0.0,0.75
4358,0.0,0.125
4359,0.0,0.125
4360,0.375,0
4361,1.0,0.125
4362,0.0,0.0
4363,0.0,0.75
4364,0.0,0.125
4365,0.0,0.0
4366,0.0,0.0
4367,0.0,0.25
4368,0.0,0.75
4369,0.875,0.5
4370,0.0,0.5
4371,0.875,0.5
4372,0.0,0.875
4373,0.0,0.0
4374,0.125,0.125
4375,0.0,0.375
4376,0.125,0.75
4377,0.0,0.5
4378,0.0,0.375
4379,0.0,0.0
4380,0.0,0.0
4381,0.0,0.375
4382,0.0,0.5
4383,0.0,0.5
4384,0.0,0.125
4385,0.0,0.5
4386,1.0,0.0
4387,0.0,0.5
4388,0.125,0.25
4389,0,0.375
4390,0.0,0.0
4391,0.0,0.125
4392,0.25,0.0
4393,0.0,0.5
4394,0,0.0
4395,0.0,0.125
4396,0.0,0.5
4397,0.0,0.5
4398,0.5,0.25
4399,0.0,0.5
4400,0.25,0.0
4401,0,0.0
4402,0.0,0.0
4403,0.0,0.5
4404,0.5,0.0
4405,0,0.0
4406,0.0,0.5
4407,0.0,0.0
4408,0.0,0.125
4409,1.0,0.125
4410,0.0,0.0
4411,0.0,0.5
4412,0.0,0.0
4413,0.0,0
4414,0.0,0.0
4415,0.0,0.0
4416,0.0,0.0
4417,0.0,0.0
4418,0.0,0.0
4419,0.0,0.0
4420,0.0,0.0
4421,0,0.5
4422,0.25,0.375
4423,0.0,0.5
4424,0.0,0.5
4425,0.0,0.0
4426,0.0,0.0
4427,1.0,0.125
4428,0.375,0.625
4429,0.0,0.125
4430,0.5,0.0
4431,0,0.625
4432,1.0,0.125
4433,0.0,0.125
4434,0,0.25
4435,0.0,0.25
4436,0,0.625
4437,0,0
4438,0.0,0.5
4439,0.0,0.5
4440,1.0,0.125
4441,0.0,0.0
4442,0.125,1.375
4443,0.0,0.0
4444,1.0,0.125
4445,1.0,0.125
4446,0.25,0.125
4447,0.5,0.125
4448,0.0,0.5
4449,0.0,0.375
4450,0.0,0.5
4451,0.0,0.0
4452,0,0.25
4453,0.0,0.375
4454,0.0,0.5
4455,0.5,0.125
4456,0.0,0.5
4457,0.0,0.625
4458,0.125,0.25
4459,0.0,0.0
4460,0.0,0.125
4461,0.0,0.375
4462,0,0.25
4463,0.0,0.125
4464,0.0,0.5
4465,0.0,0.5
4466,0.0,0.5
4467,0.0,0.375
4468,0.25,0.5
4469,0.0,0.375
4470,0.0,0.5
4471,0.0,0.5
4472,1.0,0.125
4473,0.0,0.25
4474,0.25,0.5
4475,0.0,0.375
4476,0.125,0.5
4477,0.0,0.25
4478,0.0,0.5
4479,1.0,0.0
4480,0.0,0.375
4481,0.0,0.5
4482,0.0,0.625
4483,0.0,0.0
4484,0.0,0.5
4485,0.0,0.375
4486,0,0
4487,1.0,0.125
4488,0.0,0.5
4489,0.0,0.375
4490,0.0,0.5
4491,0.0,0.5
4492,0.0,0.5
4493,0.125,0.5
4494,0.0,0.5
4495,0.125,0.0
4496,0.125,1.375
4497,0.0,0.5
4498,0.0,0.5
4499,0.0,0.0
4500,0.0,0.0
4501,0.0,0.0
4502,0.0,0.0
4503,0,0.75
4504,0.0,0.5
4505,0.0,0.5
4506,0.25,0.75
4507,0.125,0.5
4508,0.0,0.0
4509,0.625,0.125
4510,0.0,0.0
4511,0.375,0.25
4512,0.0,0.5
4513,0.0,0.125
4514,0.0,0.5
4515,0.0,0.5
4516,0.0,0.125
4517,0.0,0
4518,0.125,0.5
4519,0.0,0.0
4520,0.0,0.0
4521,0.0,0.0
4522,0.0,0.0
4523,0.0,0.0
4524,0.0,0.0
4525,0.0,0.0
4526,0.0,0.5
4527,0.5,1.5
4528,0.0,0.5
4529,0.0,0.5
4530,0.375,0.25
4531,0.375,0.625
4532,0.125,0.125
4533,0.0,0.0
4534,0,0
4535,0.875,0.375
4536,0.0,0.0
4537,0.875,0.0
4538,0.125,0.5
4539,0.0,0.75
4540,0.0,0.5
4541,0,0
4542,0.0,0.5
4543,0.0,0.0
4544,0.0,0.5
4545,0.125,0.0
4546,0.0,0.0
4547,0.0,0.5
4548,0.0,0.5
4549,0.0,0.125
4550,0.0,0.0
4551,0.0,0.5
4552,0.0,0.375
4553,0.0,0.5
4554,0.0,0.875
4555,0.25,0.0
4556,0.5,0.0
4557,0.0,0.25
4558,0.0,0.25
4559,1.0,0.125
4560,1.0,0.125
4561,1.0,0.125
4562,1.0,0.125
4563,0.0,0
4564,0.0,0.375
4565,0.0,0.5
4566,0.0,0.75
4567,0.0,0.75
4568,0.0,0.125
4569,0.0,0.0
4570,0.0,0.5
4571,0.0,0.375
4572,0.0,0.5
4573,0.0,0.5
4574,0.0,1.25
4575,0.25,0.5
4576,0.5,0.25
4577,0.0,0.5
4578,0.0,0.5
4579,0.0,0.375
4580,0.0,0.375
4581,0.0,0.5
4582,0,0.25
4583,0.0,0.5
4584,0.0,0.5
4585,0.0,0.0
4586,0.0,0.125
4587,0.0,0.125
4588,0.0,0.5
4589,0.125,0.875
4590,0.0,0.375
4591,0.0,0.5
4592,0.0,0.5
4593,0.0,0.5
4594,0,0.75
4595,0.0,0.25
4596,0.0,0.0
4597,0.0,0.0
4598,0.0,0.5
4599,0.0,0.0
4600,0.0,0.0
4601,0.0,0.5
4602,0.75,0.0
4603,0,0.0
4604,0,0.25
4605,0.0,1.25
4606,0.0,0.0
4607,0.0,0.5
4608,0.0,0.0
4609,0.75,0.625
4610,0.0,0.5
4611,0.25,0.0
4612,0.0,0.5
4613,0.5,1.125
4614,0.0,0.375
4615,0.0,0.0
4616,0.0,0.5
4617,0.0,1.5
4618,0.75,1.25
4619,0.0,0.0
4620,0.0,0.375
4621,0,0.0
4622,0.25,1.625
4623,0.0,0.0
4624,0.0,0.0
4625,0.0,0.0
4626,0.125,0.75
4627,0.0,0.0
4628,0.0,0.5
4629,0.125,0.25
4630,0.0,0.375
4631,0.0,0.5
4632,0.5,0.0
4633,0.0,0.5
4634,0.75,0.5
4635,0.0,0.0
4636,0.0,0.25
4637,0.0,0.375
4638,0.0,0.375
4639,0.625,0.0
4640,0.625,0.25
4641,0.0,0.0
4642,0.0,0.5
4643,0.0,0.5
4644,0.0,0.5
4645,0.0,0.25
4646,0.0,0.375
4647,0.0,0.375
4648,0.0,0.0
4649,0.0,0.5
4650,0.0,0.375
4651,0.125,1.375
4652,0,0.0
4653,0.5,0.125
4654,0.0,0.5
4655,0.0,0.0
4656,0.875,0.5
4657,1.0,0.125
4658,0.0,0.0
4659,0.25,0.75
4660,0.0,0
4661,0.0,0.0
4662,0.0,0.0
4663,1.0,0.125
4664,0.0,0.375
4665,0.125,0.0
4666,0.0,1.0
4667,0.0,0.375
4668,0.25,0.25
4669,0.0,0.5
4670,0.5,0.25
4671,0.0,0.5
4672,0,0.25
4673,0.5,0.0
4674,0.0,0.375
4675,0.0,0.75
4676,0.0,1.125
4677,0.0,0.25
4678,0,0.375
4679,0.0,1.5
4680,0.125,1.375
4681,0.0,0.5
4682,0.0,0.375
4683,0.0,0.0
4684,0.5,0.25
4685,0.75,0.25
4686,0.0,0.5
4687,0.0,0.5
4688,0.0,0.125
4689,0.0,0.125
4690,0.625,0.25
4691,0.0,0.5
4692,0.25,0.5
4693,0.0,0.125
4694,0.0,0.375
4695,0.0,0.0
4696,0.0,0.375
4697,0.0,0.5
4698,0.25,0.5
4699,0.0,0.375
4700,0.0,0.5
4701,0.0,0.0
4702,0.0,0.5
4703,0.375,0.125
4704,0.625,0.0
4705,0.125,0.25
4706,0.0,0.375
4707,0.0,0.0
4708,0.25,0.0
4709,0.375,0.0
4710,0.0,0.375
4711,0.875,0.125
4712,0.0,0.0
4713,0.0,0.5
4714,0.375,0.0
4715,0.375,0.0
4716,0.375,0.0
4717,0.0,0.5
4718,0,0.125
4719,0.0,0.75
4720,0.25,0.625
4721,0.375,0.0
4722,0.375,0.0
4723,0.75,0.625
4724,0.0,0.5
4725,0.375,0.0
4726,0.0,0
4727,0.0,0.0
4728,0.0,0.0
4729,0,0.75
4730,0.0,2.0
4731,0.25,0.125
4732,0.0,0.125
4733,0.0,0.5
4734,0.25,0.25
4735,0,0.75
4736,0.25,0.25
4737,0.0,0.125
4738,0.0,0.0
4739,0.0,0.125
4740,0.5,0.5
4741,0.0,0.25
4742,1.125,1.75
4743,0.25,0.25
4744,0.375,0.0
4745,0.125,0.5
4746,0.75,0.625
4747,0.0,0
4748,0.0,0.375
4749,0.0,0.0
4750,0.25,0.125
4751,0.125,0.0
4752,0.0,0.0
4753,0.0,0.0
4754,0.0,0.0
4755,0.0,0.0
4756,0.0,0.0
4757,0.0,0.0
4758,0.125,0.0
4759,0.0,0.0
4760,0.0,0.5
4761,0.25,0.25
4762,0.0,0.375
4763,1.0,0.125
4764,1.0,0.125
4765,0.0,0.375
4766,0.0,0.5
4767,0.0,1.25
4768,0.0,0.5
4769,0.25,0.25
4770,0.625,0.375
4771,0.125,1.375
4772,0.0,0.375
4773,0.0,0.0
4774,0.625,0.125
4775,0.0,0.375
4776,0.0,0.0
4777,0.375,0.0
4778,0.125,0.75
4779,0.0,0.5
4780,0.875,0.0
4781,0.0,0.75
4782,0.125,0.5
4783,0.0,0.5
4784,0.0,0.25
4785,0.0,0.5
4786,0,0.75
4787,0.0,0.25
4788,0,0
4789,0.0,0.5
4790,0.0,0.0
4791,0.0,0.0
4792,0.0,0.5
4793,0.0,0.5
4794,0.25,0.75
4795,0.0,0.25
4796,0,0.0
4797,0.0,0.875
4798,0.0,0.375
4799,0.0,0.25
4800,0.0,0.5
4801,0.0,0.5
4802,0.0,0.75
4803,0.125,1.375
4804,0.0,0.375
4805,0.0,0.5
4806,0.0,0.75
4807,0.125,0.0
4808,0.0,0.5
4809,0,0
4810,0.25,0.5
4811,0.0,0.25
4812,0.375,0.0
4813,0.0,0.0
4814,0.0,0.0
4815,0.0,0.0
4816,0.0,0.375
4817,0.125,0.375
4818,0.25,0.125
4819,0,0.25
4820,0.0,0.25
4821,0.0,0.5
4822,0.0,0.5
4823,0.0,0.375
4824,0.875,0.25
4825,0.625,0.75
4826,0.375,0.0
4827,0,0.0
4828,0.0,0.5
4829,0.0,0.0
4830,0.0,0.125
4831,0.0,0
4832,0.0,0.375
4833,0.125,0.0
4834,0.375,0.125
4835,0.0,0.5
4836,0.375,0.125
4837,0.0,0.75
4838,0.0,0.0
4839,0.0,1.0
4840,0.0,0
4841,0.375,1.125
4842,0.0,0.0
4843,0.0,0.25
4844,0.0,0.125
4845,0.0,0
4846,0.25,0.625
4847,0.0,0.375
4848,0.0,0.375
4849,0.375,0.0
4850,0.25,0.5
4851,0.0,0.0
4852,0.0,0.0
4853,0.0,0.0
4854,0.0,0.375
4855,0.75,1.375
4856,0.0,0.5
4857,0.0,0
4858,0,0.0
4859,0.0,0
4860,0.0,0.125
4861,0.0,0.375
4862,0.0,0.5
4863,0.0,0.0
4864,0.0,0.25
4865,0.0,0.5
4866,0.0,0.0
4867,0.25,0.125
4868,0.0,0.125
4869,0.125,0.125
4870,0.5,0.25
4871,0.0,0.375
4872,0.0,0.25
4873,0.75,1.375
4874,0.0,0.0
4875,0.5,0.25
4876,0.0,0
4877,0.0,0.5
4878,0.0,0.0
4879,1.0,0.125
4880,1.0,0.125
4881,0.125,0.125
4882,1.0,0.125
4883,0.0,0.0
4884,0.0,0.0
4885,0.0,0.5
4886,0.875,0.125
4887,0.0,0.0
4888,0.0,0.5
4889,0.0,2.0
4890,0.125,0.5
4891,0.0,0.0
4892,0.25,2.125
4893,1.0,0.0
4894,0.0,0.0
4895,0.75,0.0
4896,0.0,1.25
4897,0,0
4898,0.5,0.0
4899,0.0,0.0
4900,0.0,0.0
4901,0.0,0.0
4902,0.0,0.375
4903,0.0,0.375
4904,0.0,0.25
4905,0.0,0.0
4906,0.0,0.375
4907,0.0,0.0
4908,0.5,0.25
4909,0.0,0.0
4910,0.125,0.75
4911,0.75,1.0
4912,0.375,0.0
4913,0.0,0.0
4914,0.375,0.0
4915,0.0,0.0
4916,0.0,0.25
4917,0.0,0.5
4918,0.375,0.0
4919,0.0,0.5
4920,0.0,0.25
4921,0.25,0.625
4922,0.25,0.0
4923,0.0,0.0
4924,0.0,0.25
4925,0.0,0.0
4926,0.125,1.375
4927,0.0,0.0
4928,0.0,0.0
4929,0.0,0.25
4930,0.0,0.0
4931,0.0,0.0
4932,0.125,1.375
4933,0.0,0.375
4934,0.0,0.375
4935,0.0,0.0
4936,0.5,0.625
4937,0.125,1.375
4938,0.125,0.25
4939,0.5,0.25
4940,0.0,0.0
4941,0.0,0.0
4942,0.0,0.0
4943,0,0.75
4944,0.0,0.0
4945,0.0,0.0
4946,0.0,0.0
4947,0.0,0.0
4948,0.0,0.0
4949,0.0,0.0
4950,0,0.75
4951,0.0,0.0
4952,0.0,0.0
4953,0.0,0.0
4954,0,0.75
4955,0.0,0.5
4956,0.0,0.375
4957,1.0,0.0
4958,0.125,0.125
4959,0.0,0.25
4960,1.0,0.25
4961,0.0,0.0
4962,0.0,0.0
4963,0.0,0
4964,0.0,0.375
4965,0.0,0.125
4966,0.0,2.375
4967,0.0,0.0
4968,0.0,0.25
4969,0.0,0.375
4970,0.5,0.375
4971,0.0,0.0
4972,0.125,0.75
4973,0.0,0.625
4974,0.5,0.125
4975,0.0,0.875
4976,0.0,0.375
4977,0.0,0.25
4978,1.0,0.0
4979,0.5,0.375
4980,0.5,0.375
4981,0.0,0.5
4982,0.0,0.0
4983,0.0,0
4984,0,0.25
4985,0.0,0.375
4986,0.0,0.0
4987,0.0,0
4988,0.0,0.375
4989,0.375,0.375
4990,0.0,0.125
4991,0.625,0.0
4992,0.0,0.375
4993,0.875,0.5
4994,0.0,0.5
4995,0.0,0
4996,0.0,0.0
4997,0.875,0.125
4998,0.0,0.5
4999,0.125,0.25